,date_id,year,month,day,quarter,day_of_week
0,2017-03-15,2017,03,015,1,Wednesday
1,2017-03-24,2017,03,024,1,Friday
2,2017-02-20,2017,02,020,1,Monday
3,2017-03-08,2017,03,008,1,Wednesday
4,2017-02-23,2017,02,023,1,Thursday
6,2017-02-27,2017,02,027,1,Monday
7,2017-03-02,2017,03,002,1,Thursday
8,2017-03-10,2017,03,010,1,Friday
9,2017-02-26,2017,02,026,1,Sunday
10,2017-02-25,2017,02,025,1,Saturday
11,2017-03-20,2017,03,020,1,Monday
14,2017-03-11,2017,03,011,1,Saturday
15,2017-03-16,2017,03,016,1,Thursday
16,2017-03-14,2017,03,014,1,Tuesday
17,2017-03-01,2017,03,001,1,Wednesday
18,2017-02-24,2017,02,024,1,Friday
22,2017-02-28,2017,02,028,1,Tuesday
27,2017-03-17,2017,03,017,1,Friday
32,2017-03-07,2017,03,007,1,Tuesday
34,2017-03-19,2017,03,019,1,Sunday
37,2017-03-23,2017,03,023,1,Thursday
38,2017-02-21,2017,02,021,1,Tuesday
40,2017-03-03,2017,03,003,1,Friday
41,2017-03-09,2017,03,009,1,Thursday
43,2017-03-25,2017,03,025,1,Saturday
46,2017-02-03,2017,02,003,1,Friday
47,2017-02-02,2017,02,002,1,Thursday
53,2017-03-13,2017,03,013,1,Monday
67,2017-03-06,2017,03,006,1,Monday
69,2017-03-12,2017,03,012,1,Sunday
76,2017-01-11,2017,01,011,1,Wednesday
77,2017-01-20,2017,01,020,1,Friday
78,2017-01-16,2017,01,016,1,Monday
79,2017-01-19,2017,01,019,1,Thursday
80,2017-01-13,2017,01,013,1,Friday
81,2017-01-09,2017,01,009,1,Monday
87,2017-01-21,2017,01,021,1,Saturday
89,2017-01-14,2017,01,014,1,Saturday
92,2017-01-10,2017,01,010,1,Tuesday
94,2017-01-17,2017,01,017,1,Tuesday
95,2017-01-18,2017,01,018,1,Wednesday
99,2017-01-22,2017,01,022,1,Sunday
101,2017-01-15,2017,01,015,1,Sunday
111,2017-01-12,2017,01,012,1,Thursday
150,2017-02-08,2017,02,008,1,Wednesday
153,2017-02-09,2017,02,009,1,Thursday
154,2017-02-07,2017,02,007,1,Tuesday
161,2017-02-06,2017,02,006,1,Monday
172,2017-02-10,2017,02,010,1,Friday
176,2017-02-11,2017,02,011,1,Saturday
194,2017-02-12,2017,02,012,1,Sunday
224,2017-01-30,2017,01,030,1,Monday
227,2017-01-29,2017,01,029,1,Sunday
228,2017-01-31,2017,01,031,1,Tuesday
230,2017-04-14,2017,04,014,2,Friday
244,2017-02-01,2017,02,001,1,Wednesday
255,2017-01-23,2017,01,023,1,Monday
265,2017-01-24,2017,01,024,1,Tuesday
271,2017-01-25,2017,01,025,1,Wednesday
273,2017-04-12,2017,04,012,2,Wednesday
279,2017-04-16,2017,04,016,2,Sunday
280,2017-01-26,2017,01,026,1,Thursday
284,2017-01-27,2017,01,027,1,Friday
288,2017-04-21,2017,04,021,2,Friday
293,2017-01-28,2017,01,028,1,Saturday
296,2017-04-19,2017,04,019,2,Wednesday
297,2017-04-20,2017,04,020,2,Thursday
299,2017-04-18,2017,04,018,2,Tuesday
300,2017-04-29,2017,04,029,2,Saturday
301,2017-04-28,2017,04,028,2,Friday
303,2017-04-30,2017,04,030,2,Sunday
304,2017-04-24,2017,04,024,2,Monday
310,2017-03-04,2017,03,004,1,Saturday
314,2017-03-21,2017,03,021,1,Tuesday
315,2017-03-05,2017,03,005,1,Sunday
340,2017-02-22,2017,02,022,1,Wednesday
464,2017-02-13,2017,02,013,1,Monday
496,2017-02-14,2017,02,014,1,Tuesday
512,2017-02-16,2017,02,016,1,Thursday
520,2017-02-15,2017,02,015,1,Wednesday
530,2017-04-26,2017,04,026,2,Wednesday
531,2017-04-22,2017,04,022,2,Saturday
604,2017-01-03,2017,01,003,1,Tuesday
605,2017-01-01,2017,01,001,1,Sunday
607,2017-01-02,2017,01,002,1,Monday
610,2017-01-08,2017,01,008,1,Sunday
611,2017-01-06,2017,01,006,1,Friday
614,2017-01-07,2017,01,007,1,Saturday
620,2017-01-05,2017,01,005,1,Thursday
621,2017-01-04,2017,01,004,1,Wednesday
781,2017-02-17,2017,02,017,1,Friday
787,2017-02-18,2017,02,018,1,Saturday
802,2017-02-19,2017,02,019,1,Sunday
2081,2017-03-22,2017,03,022,1,Wednesday
2138,2017-02-05,2017,02,005,1,Sunday
2141,2017-02-04,2017,02,004,1,Saturday
2340,2017-03-26,2017,03,026,1,Sunday
2374,2017-03-18,2017,03,018,1,Saturday
4347,2017-03-30,2017,03,030,1,Thursday
4348,2017-03-29,2017,03,029,1,Wednesday
4619,2017-04-03,2017,04,003,2,Monday
4620,2017-04-02,2017,04,002,2,Sunday
4621,2017-04-01,2017,04,001,2,Saturday
4625,2017-03-31,2017,03,031,1,Friday
4630,2017-04-04,2017,04,004,2,Tuesday
4632,2017-04-07,2017,04,007,2,Friday
4633,2017-04-08,2017,04,008,2,Saturday
4636,2017-04-09,2017,04,009,2,Sunday
4680,2017-04-11,2017,04,011,2,Tuesday
4681,2017-04-10,2017,04,010,2,Monday
4692,2017-06-03,2017,06,003,2,Saturday
4693,2017-06-02,2017,06,002,2,Friday
4694,2017-05-29,2017,05,029,2,Monday
4695,2017-06-01,2017,06,001,2,Thursday
4696,2017-05-30,2017,05,030,2,Tuesday
4697,2017-05-27,2017,05,027,2,Saturday
4698,2017-05-15,2017,05,015,2,Monday
4702,2017-05-28,2017,05,028,2,Sunday
4704,2017-05-18,2017,05,018,2,Thursday
4706,2017-06-04,2017,06,004,2,Sunday
4708,2017-05-25,2017,05,025,2,Thursday
4710,2017-05-13,2017,05,013,2,Saturday
4713,2017-05-10,2017,05,010,2,Wednesday
4717,2017-05-17,2017,05,017,2,Wednesday
4718,2017-05-31,2017,05,031,2,Wednesday
4724,2017-05-19,2017,05,019,2,Friday
4729,2017-05-20,2017,05,020,2,Saturday
4731,2017-04-13,2017,04,013,2,Thursday
4734,2017-05-26,2017,05,026,2,Friday
4735,2017-05-05,2017,05,005,2,Friday
4736,2017-05-22,2017,05,022,2,Monday
4739,2017-05-24,2017,05,024,2,Wednesday
4741,2017-05-21,2017,05,021,2,Sunday
4743,2017-05-23,2017,05,023,2,Tuesday
4749,2017-05-12,2017,05,012,2,Friday
4750,2017-05-14,2017,05,014,2,Sunday
4760,2017-05-16,2017,05,016,2,Tuesday
4842,2017-03-28,2017,03,028,1,Tuesday
4847,2017-04-05,2017,04,005,2,Wednesday
4848,2017-03-27,2017,03,027,1,Monday
4873,2017-04-06,2017,04,006,2,Thursday
4876,2017-04-15,2017,04,015,2,Saturday
4909,2017-06-08,2017,06,008,2,Thursday
4916,2017-06-07,2017,06,007,2,Wednesday
4921,2017-06-06,2017,06,006,2,Tuesday
4926,2017-07-02,2017,07,002,3,Sunday
4927,2017-06-30,2017,06,030,2,Friday
4928,2017-06-29,2017,06,029,2,Thursday
4937,2017-05-04,2017,05,004,2,Thursday
4952,2017-04-25,2017,04,025,2,Tuesday
4954,2017-04-17,2017,04,017,2,Monday
4961,2017-04-23,2017,04,023,2,Sunday
4981,2017-07-05,2017,07,005,3,Wednesday
4982,2017-07-06,2017,07,006,3,Thursday
4984,2017-07-03,2017,07,003,3,Monday
4985,2017-07-04,2017,07,004,3,Tuesday
4986,2017-05-11,2017,05,011,2,Thursday
4988,2017-05-07,2017,05,007,2,Sunday
4992,2017-05-03,2017,05,003,2,Wednesday
4994,2017-04-27,2017,04,027,2,Thursday
5038,2017-05-02,2017,05,002,2,Tuesday
5041,2017-05-06,2017,05,006,2,Saturday
5217,2017-06-28,2017,06,028,2,Wednesday
5229,2017-07-10,2017,07,010,3,Monday
5264,2017-05-09,2017,05,009,2,Tuesday
5265,2017-05-08,2017,05,008,2,Monday
5823,2017-05-01,2017,05,001,2,Monday
7542,2017-06-05,2017,06,005,2,Monday
7832,2017-06-12,2017,06,012,2,Monday
8088,2017-06-11,2017,06,011,2,Sunday
8089,2017-06-09,2017,06,009,2,Friday
8106,2017-06-10,2017,06,010,2,Saturday
8380,2017-06-14,2017,06,014,2,Wednesday
8382,2017-06-13,2017,06,013,2,Tuesday
8667,2017-06-15,2017,06,015,2,Thursday
8669,2017-06-17,2017,06,017,2,Saturday
8671,2017-06-18,2017,06,018,2,Sunday
8672,2017-06-19,2017,06,019,2,Monday
8674,2017-06-20,2017,06,020,2,Tuesday
8675,2017-06-21,2017,06,021,2,Wednesday
9275,2017-06-26,2017,06,026,2,Monday
9276,2017-06-24,2017,06,024,2,Saturday
9279,2017-06-25,2017,06,025,2,Sunday
9388,2017-07-08,2017,07,008,3,Saturday
9389,2017-07-09,2017,07,009,3,Sunday
9395,2017-07-07,2017,07,007,3,Friday
9505,2017-07-26,2017,07,026,3,Wednesday
9506,2017-07-27,2017,07,027,3,Thursday
9518,2017-06-22,2017,06,022,2,Thursday
9526,2017-07-28,2017,07,028,3,Friday
9527,2017-07-30,2017,07,030,3,Sunday
9528,2017-07-29,2017,07,029,3,Saturday
9530,2017-07-31,2017,07,031,3,Monday
9532,2017-07-25,2017,07,025,3,Tuesday
9574,2017-06-23,2017,06,023,2,Friday
9583,2017-07-01,2017,07,001,3,Saturday
9586,2017-06-27,2017,06,027,2,Tuesday
9626,2017-06-16,2017,06,016,2,Friday
9672,2017-07-11,2017,07,011,3,Tuesday
9689,2017-07-12,2017,07,012,3,Wednesday
9705,2017-07-13,2017,07,013,3,Thursday
9808,2017-08-01,2017,08,001,3,Tuesday
9812,2017-08-02,2017,08,002,3,Wednesday
9841,2017-08-03,2017,08,003,3,Thursday
9852,2017-08-04,2017,08,004,3,Friday
9854,2017-08-06,2017,08,006,3,Sunday
9856,2017-08-07,2017,08,007,3,Monday
9858,2017-08-05,2017,08,005,3,Saturday
10106,2017-08-08,2017,08,008,3,Tuesday
12878,2017-08-09,2017,08,009,3,Wednesday
12907,2017-08-11,2017,08,011,3,Friday
12908,2017-08-14,2017,08,014,3,Monday
12909,2017-08-12,2017,08,012,3,Saturday
13158,2017-08-17,2017,08,017,3,Thursday
13164,2017-08-16,2017,08,016,3,Wednesday
13200,2017-07-18,2017,07,018,3,Tuesday
13202,2017-07-17,2017,07,017,3,Monday
13211,2017-07-16,2017,07,016,3,Sunday
13214,2017-07-15,2017,07,015,3,Saturday
13219,2017-07-14,2017,07,014,3,Friday
13349,2017-07-20,2017,07,020,3,Thursday
13477,2017-08-23,2017,08,023,3,Wednesday
13478,2017-08-24,2017,08,024,3,Thursday
13479,2017-08-19,2017,08,019,3,Saturday
13480,2017-08-21,2017,08,021,3,Monday
13481,2017-08-22,2017,08,022,3,Tuesday
13484,2017-08-27,2017,08,027,3,Sunday
13485,2017-08-25,2017,08,025,3,Friday
13487,2017-08-26,2017,08,026,3,Saturday
13491,2017-08-28,2017,08,028,3,Monday
13493,2017-08-18,2017,08,018,3,Friday
13504,2017-08-30,2017,08,030,3,Wednesday
13506,2017-08-29,2017,08,029,3,Tuesday
13512,2017-08-31,2017,08,031,3,Thursday
13514,2017-09-01,2017,09,001,3,Friday
13798,2017-09-02,2017,09,002,3,Saturday
13800,2017-09-03,2017,09,003,3,Sunday
13804,2017-09-04,2017,09,004,3,Monday
13825,2017-09-06,2017,09,006,3,Wednesday
13827,2017-07-19,2017,07,019,3,Wednesday
13936,2017-07-22,2017,07,022,3,Saturday
13937,2017-07-21,2017,07,021,3,Friday
13944,2017-07-24,2017,07,024,3,Monday
14059,2017-09-05,2017,09,005,3,Tuesday
14061,2017-09-08,2017,09,008,3,Friday
14072,2017-09-07,2017,09,007,3,Thursday
14193,2017-07-23,2017,07,023,3,Sunday
14203,2017-08-15,2017,08,015,3,Tuesday
14244,2017-08-10,2017,08,010,3,Thursday
14285,2017-08-13,2017,08,013,3,Sunday
14329,2017-08-20,2017,08,020,3,Sunday
14587,2017-10-04,2017,10,004,4,Wednesday
14588,2017-10-03,2017,10,003,4,Tuesday
14617,2017-09-13,2017,09,013,3,Wednesday
14618,2017-09-12,2017,09,012,3,Tuesday
14620,2017-09-11,2017,09,011,3,Monday
14628,2017-09-10,2017,09,010,3,Sunday
14632,2017-09-09,2017,09,009,3,Saturday
14896,2017-09-26,2017,09,026,3,Tuesday
14899,2017-09-25,2017,09,025,3,Monday
14903,2017-09-23,2017,09,023,3,Saturday
14905,2017-09-22,2017,09,022,3,Friday
14910,2017-09-21,2017,09,021,3,Thursday
14911,2017-10-06,2017,10,006,4,Friday
14912,2017-10-08,2017,10,008,4,Sunday
14914,2017-10-07,2017,10,007,4,Saturday
14920,2017-10-09,2017,10,009,4,Monday
14923,2017-10-10,2017,10,010,4,Tuesday
14925,2017-10-12,2017,10,012,4,Thursday
14928,2017-10-11,2017,10,011,4,Wednesday
14931,2017-09-24,2017,09,024,3,Sunday
14934,2017-09-20,2017,09,020,3,Wednesday
15155,2017-09-19,2017,09,019,3,Tuesday
15160,2017-09-18,2017,09,018,3,Monday
15164,2017-09-17,2017,09,017,3,Sunday
15167,2017-09-16,2017,09,016,3,Saturday
15169,2017-09-15,2017,09,015,3,Friday
15172,2017-09-14,2017,09,014,3,Thursday
15179,2017-10-15,2017,10,015,4,Sunday
15180,2017-10-16,2017,10,016,4,Monday
15447,2017-09-30,2017,09,030,3,Saturday
15448,2017-09-29,2017,09,029,3,Friday
15450,2017-09-28,2017,09,028,3,Thursday
17652,2017-09-27,2017,09,027,3,Wednesday
18646,2017-10-02,2017,10,002,4,Monday
18648,2017-12-10,2017,12,010,4,Sunday
18649,2017-12-09,2017,12,009,4,Saturday
18655,2017-12-08,2017,12,008,4,Friday
18657,2017-12-07,2017,12,007,4,Thursday
18659,2017-12-16,2017,12,016,4,Saturday
18660,2017-12-06,2017,12,006,4,Wednesday
18661,2017-12-05,2017,12,005,4,Tuesday
18662,2017-12-03,2017,12,003,4,Sunday
18663,2017-12-04,2017,12,004,4,Monday
18664,2018-01-04,2018,01,004,1,Thursday
18665,2017-12-02,2017,12,002,4,Saturday
18667,2017-11-30,2017,11,030,4,Thursday
18668,2017-11-29,2017,11,029,4,Wednesday
18670,2017-12-21,2017,12,021,4,Thursday
18671,2017-12-20,2017,12,020,4,Wednesday
18673,2017-11-20,2017,11,020,4,Monday
18675,2017-12-19,2017,12,019,4,Tuesday
18677,2017-11-19,2017,11,019,4,Sunday
18678,2017-12-18,2017,12,018,4,Monday
18680,2017-10-13,2017,10,013,4,Friday
18681,2017-10-14,2017,10,014,4,Saturday
18682,2018-01-08,2018,01,008,1,Monday
18683,2018-01-02,2018,01,002,1,Tuesday
18684,2018-01-05,2018,01,005,1,Friday
18685,2018-01-06,2018,01,006,1,Saturday
18686,2018-01-07,2018,01,007,1,Sunday
18694,2017-11-18,2017,11,018,4,Saturday
18695,2017-12-17,2017,12,017,4,Sunday
18705,2017-11-16,2017,11,016,4,Thursday
18706,2017-12-15,2017,12,015,4,Friday
18710,2017-12-14,2017,12,014,4,Thursday
18715,2017-12-13,2017,12,013,4,Wednesday
18717,2017-12-12,2017,12,012,4,Tuesday
18718,2018-01-09,2018,01,009,1,Tuesday
18719,2017-12-31,2017,12,031,4,Sunday
18720,2017-12-30,2017,12,030,4,Saturday
18725,2018-01-11,2018,01,011,1,Thursday
18767,2017-10-01,2017,10,001,4,Sunday
18840,2017-10-05,2017,10,005,4,Thursday
18873,2017-10-18,2017,10,018,4,Wednesday
18883,2017-10-22,2017,10,022,4,Sunday
18885,2017-10-21,2017,10,021,4,Saturday
18899,2017-11-21,2017,11,021,4,Tuesday
18901,2017-10-25,2017,10,025,4,Wednesday
18903,2017-11-22,2017,11,022,4,Wednesday
18904,2017-11-06,2017,11,006,4,Monday
18905,2017-11-03,2017,11,003,4,Friday
18906,2017-11-01,2017,11,001,4,Wednesday
18908,2017-11-09,2017,11,009,4,Thursday
18909,2017-11-11,2017,11,011,4,Saturday
18910,2017-11-15,2017,11,015,4,Wednesday
18911,2017-11-13,2017,11,013,4,Monday
18912,2017-11-12,2017,11,012,4,Sunday
18928,2017-10-23,2017,10,023,4,Monday
18930,2017-11-23,2017,11,023,4,Thursday
18938,2017-12-11,2017,12,011,4,Monday
18945,2017-11-24,2017,11,024,4,Friday
18949,2018-01-10,2018,01,010,1,Wednesday
18959,2017-12-29,2017,12,029,4,Friday
18963,2017-12-28,2017,12,028,4,Thursday
18964,2017-12-27,2017,12,027,4,Wednesday
18973,2017-12-26,2017,12,026,4,Tuesday
18976,2017-12-25,2017,12,025,4,Monday
18979,2017-12-24,2017,12,024,4,Sunday
18982,2017-12-23,2017,12,023,4,Saturday
18987,2017-12-22,2017,12,022,4,Friday
18996,2018-01-14,2018,01,014,1,Sunday
18997,2018-01-12,2018,01,012,1,Friday
19017,2018-01-01,2018,01,001,1,Monday
19019,2017-11-17,2017,11,017,4,Friday
19119,2017-10-17,2017,10,017,4,Tuesday
19122,2017-10-20,2017,10,020,4,Friday
19164,2017-10-19,2017,10,019,4,Thursday
19177,2017-11-25,2017,11,025,4,Saturday
19180,2017-11-27,2017,11,027,4,Monday
19182,2017-11-28,2017,11,028,4,Tuesday
19187,2017-12-01,2017,12,001,4,Friday
19198,2017-11-04,2017,11,004,4,Saturday
19203,2017-11-05,2017,11,005,4,Sunday
19205,2017-11-08,2017,11,008,4,Wednesday
19236,2017-10-24,2017,10,024,4,Tuesday
19474,2017-10-27,2017,10,027,4,Friday
19489,2017-10-29,2017,10,029,4,Sunday
19490,2017-10-31,2017,10,031,4,Tuesday
19494,2017-10-26,2017,10,026,4,Thursday
19518,2017-10-28,2017,10,028,4,Saturday
19523,2017-11-02,2017,11,002,4,Thursday
19532,2017-10-30,2017,10,030,4,Monday
21714,2017-11-07,2017,11,007,4,Tuesday
21943,2017-11-10,2017,11,010,4,Friday
21974,2017-11-14,2017,11,014,4,Tuesday
22420,2017-11-26,2017,11,026,4,Sunday
23277,2018-01-15,2018,01,015,1,Monday
23285,2018-01-13,2018,01,013,1,Saturday
24105,2018-02-03,2018,02,003,1,Saturday
24107,2018-02-04,2018,02,004,1,Sunday
24108,2018-02-02,2018,02,002,1,Friday
24109,2018-01-17,2018,01,017,1,Wednesday
24114,2018-01-16,2018,01,016,1,Tuesday
24134,2018-02-08,2018,02,008,1,Thursday
24135,2018-01-30,2018,01,030,1,Tuesday
24137,2018-02-07,2018,02,007,1,Wednesday
24365,2018-01-28,2018,01,028,1,Sunday
24367,2018-01-27,2018,01,027,1,Saturday
24369,2018-01-26,2018,01,026,1,Friday
24374,2018-01-25,2018,01,025,1,Thursday
24911,2018-01-20,2018,01,020,1,Saturday
24912,2018-01-24,2018,01,024,1,Wednesday
25304,2018-01-23,2018,01,023,1,Tuesday
25306,2018-02-11,2018,02,011,1,Sunday
25307,2018-02-09,2018,02,009,1,Friday
25311,2018-02-12,2018,02,012,1,Monday
25534,2018-01-22,2018,01,022,1,Monday
25535,2018-01-21,2018,01,021,1,Sunday
25537,2018-01-19,2018,01,019,1,Friday
25538,2018-01-18,2018,01,018,1,Thursday
25545,2018-01-03,2018,01,003,1,Wednesday
26710,2018-02-15,2018,02,015,1,Thursday
26714,2018-01-31,2018,01,031,1,Wednesday
26723,2018-01-29,2018,01,029,1,Monday
26731,2018-02-17,2018,02,017,1,Saturday
26732,2018-02-18,2018,02,018,1,Sunday
26733,2018-02-19,2018,02,019,1,Monday
26736,2018-02-05,2018,02,005,1,Monday
26757,2018-02-01,2018,02,001,1,Thursday
26992,2018-02-20,2018,02,020,1,Tuesday
26993,2018-02-16,2018,02,016,1,Friday
27007,2018-02-21,2018,02,021,1,Wednesday
27013,2018-02-22,2018,02,022,1,Thursday
27030,2018-02-10,2018,02,010,1,Saturday
27040,2018-02-14,2018,02,014,1,Wednesday
27041,2018-02-13,2018,02,013,1,Tuesday
27056,2018-02-24,2018,02,024,1,Saturday
27057,2018-02-23,2018,02,023,1,Friday
27058,2018-02-25,2018,02,025,1,Sunday
27060,2018-02-06,2018,02,006,1,Tuesday
27864,2018-03-17,2018,03,017,1,Saturday
27865,2018-03-18,2018,03,018,1,Sunday
27867,2018-03-13,2018,03,013,1,Tuesday
27868,2018-03-16,2018,03,016,1,Friday
27869,2018-03-19,2018,03,019,1,Monday
27872,2018-03-15,2018,03,015,1,Thursday
27907,2018-03-14,2018,03,014,1,Wednesday
27916,2018-03-02,2018,03,002,1,Friday
28085,2018-03-04,2018,03,004,1,Sunday
28086,2018-03-09,2018,03,009,1,Friday
28087,2018-02-28,2018,02,028,1,Wednesday
28088,2018-03-01,2018,03,001,1,Thursday
28089,2018-03-08,2018,03,008,1,Thursday
28094,2018-03-11,2018,03,011,1,Sunday
28103,2018-03-03,2018,03,003,1,Saturday
28115,2018-02-27,2018,02,027,1,Tuesday
28127,2018-03-07,2018,03,007,1,Wednesday
28133,2018-03-06,2018,03,006,1,Tuesday
28134,2018-03-10,2018,03,010,1,Saturday
28396,2018-03-05,2018,03,005,1,Monday
28433,2018-03-12,2018,03,012,1,Monday
28791,2018-02-26,2018,02,026,1,Monday
29494,2018-03-29,2018,03,029,1,Thursday
29495,2018-04-02,2018,04,002,2,Monday
29496,2018-03-28,2018,03,028,1,Wednesday
29497,2018-03-23,2018,03,023,1,Friday
29499,2018-04-01,2018,04,001,2,Sunday
29500,2018-03-30,2018,03,030,1,Friday
29502,2018-03-31,2018,03,031,1,Saturday
29547,2018-04-03,2018,04,003,2,Tuesday
29771,2018-04-04,2018,04,004,2,Wednesday
29784,2018-03-21,2018,03,021,1,Wednesday
29789,2018-03-20,2018,03,020,1,Tuesday
29797,2018-04-08,2018,04,008,2,Sunday
29798,2018-04-06,2018,04,006,2,Friday
29802,2018-04-07,2018,04,007,2,Saturday
30062,2018-03-25,2018,03,025,1,Sunday
30321,2018-03-24,2018,03,024,1,Saturday
30338,2018-03-22,2018,03,022,1,Thursday
31615,2018-03-27,2018,03,027,1,Tuesday
31617,2018-03-26,2018,03,026,1,Monday
31908,2018-04-11,2018,04,011,2,Wednesday
31909,2018-04-10,2018,04,010,2,Tuesday
31911,2018-04-12,2018,04,012,2,Thursday
31913,2018-04-13,2018,04,013,2,Friday
31947,2018-04-25,2018,04,025,2,Wednesday
31949,2018-04-26,2018,04,026,2,Thursday
31950,2018-04-21,2018,04,021,2,Saturday
31952,2018-04-22,2018,04,022,2,Sunday
31953,2018-04-23,2018,04,023,2,Monday
31954,2018-04-09,2018,04,009,2,Monday
31965,2018-04-05,2018,04,005,2,Thursday
31979,2018-04-16,2018,04,016,2,Monday
31984,2018-04-15,2018,04,015,2,Sunday
31985,2018-04-14,2018,04,014,2,Saturday
32143,2018-04-18,2018,04,018,2,Wednesday
32184,2018-04-20,2018,04,020,2,Friday
32509,2018-05-18,2018,05,018,2,Friday
32510,2018-05-20,2018,05,020,2,Sunday
32511,2018-05-19,2018,05,019,2,Saturday
32518,2018-05-21,2018,05,021,2,Monday
32521,2018-05-17,2018,05,017,2,Thursday
32529,2018-05-16,2018,05,016,2,Wednesday
32532,2018-05-15,2018,05,015,2,Tuesday
32562,2018-05-02,2018,05,002,2,Wednesday
32728,2018-05-03,2018,05,003,2,Thursday
32729,2018-05-04,2018,05,004,2,Friday
32731,2018-05-06,2018,05,006,2,Sunday
32732,2018-05-05,2018,05,005,2,Saturday
32733,2018-05-01,2018,05,001,2,Tuesday
32745,2018-05-07,2018,05,007,2,Monday
32962,2018-05-26,2018,05,026,2,Saturday
32964,2018-05-27,2018,05,027,2,Sunday
32965,2018-05-25,2018,05,025,2,Friday
32967,2018-05-11,2018,05,011,2,Friday
32974,2018-05-14,2018,05,014,2,Monday
32981,2018-05-10,2018,05,010,2,Thursday
32983,2018-05-13,2018,05,013,2,Sunday
33014,2018-04-17,2018,04,017,2,Tuesday
33232,2018-05-12,2018,05,012,2,Saturday
33247,2018-05-22,2018,05,022,2,Tuesday
33248,2018-05-30,2018,05,030,2,Wednesday
33251,2018-05-31,2018,05,031,2,Thursday
33254,2018-06-03,2018,06,003,2,Sunday
33255,2018-06-02,2018,06,002,2,Saturday
33257,2018-06-01,2018,06,001,2,Friday
33266,2018-04-19,2018,04,019,2,Thursday
33462,2018-04-28,2018,04,028,2,Saturday
33463,2018-04-29,2018,04,029,2,Sunday
33477,2018-04-30,2018,04,030,2,Monday
33484,2018-04-27,2018,04,027,2,Friday
33493,2018-04-24,2018,04,024,2,Tuesday
33517,2018-05-08,2018,05,008,2,Tuesday
33520,2018-05-09,2018,05,009,2,Wednesday
33966,2018-06-17,2018,06,017,2,Sunday
33968,2018-06-15,2018,06,015,2,Friday
33969,2018-06-16,2018,06,016,2,Saturday
34242,2018-06-08,2018,06,008,2,Friday
34247,2018-06-05,2018,06,005,2,Tuesday
34249,2018-06-06,2018,06,006,2,Wednesday
34252,2018-06-07,2018,06,007,2,Thursday
34253,2018-06-10,2018,06,010,2,Sunday
34263,2018-06-09,2018,06,009,2,Saturday
34269,2018-06-04,2018,06,004,2,Monday
34495,2018-06-13,2018,06,013,2,Wednesday
34497,2018-06-11,2018,06,011,2,Monday
34500,2018-06-12,2018,06,012,2,Tuesday
34505,2018-06-19,2018,06,019,2,Tuesday
34508,2018-06-21,2018,06,021,2,Thursday
34509,2018-06-23,2018,06,023,2,Saturday
34512,2018-06-22,2018,06,022,2,Friday
35320,2018-05-23,2018,05,023,2,Wednesday
35332,2018-05-24,2018,05,024,2,Thursday
35351,2018-05-28,2018,05,028,2,Monday
36311,2018-06-14,2018,06,014,2,Thursday
36567,2018-06-18,2018,06,018,2,Monday
36596,2018-06-27,2018,06,027,2,Wednesday
36599,2018-06-29,2018,06,029,2,Friday
36600,2018-06-30,2018,06,030,2,Saturday
36786,2018-05-29,2018,05,029,2,Tuesday
37133,2018-07-13,2018,07,013,3,Friday
37135,2018-07-14,2018,07,014,3,Saturday
37137,2018-07-11,2018,07,011,3,Wednesday
37138,2018-07-16,2018,07,016,3,Monday
37139,2018-07-10,2018,07,010,3,Tuesday
37150,2018-07-15,2018,07,015,3,Sunday
37161,2018-07-12,2018,07,012,3,Thursday
37162,2018-08-25,2018,08,025,3,Saturday
37164,2018-08-24,2018,08,024,3,Friday
37167,2018-07-08,2018,07,008,3,Sunday
37168,2018-08-08,2018,08,008,3,Wednesday
37169,2018-08-11,2018,08,011,3,Saturday
37172,2018-08-14,2018,08,014,3,Tuesday
37175,2018-08-15,2018,08,015,3,Wednesday
37176,2018-08-18,2018,08,018,3,Saturday
37178,2018-08-01,2018,08,001,3,Wednesday
37179,2018-08-02,2018,08,002,3,Thursday
37180,2018-08-06,2018,08,006,3,Monday
37181,2018-08-09,2018,08,009,3,Thursday
37186,2018-08-12,2018,08,012,3,Sunday
37187,2018-08-13,2018,08,013,3,Monday
37195,2018-08-16,2018,08,016,3,Thursday
37199,2018-08-17,2018,08,017,3,Friday
37351,2018-06-28,2018,06,028,2,Thursday
37353,2018-07-02,2018,07,002,3,Monday
37354,2018-06-26,2018,06,026,2,Tuesday
37356,2018-07-01,2018,07,001,3,Sunday
37429,2018-08-07,2018,08,007,3,Tuesday
37437,2018-08-19,2018,08,019,3,Sunday
37438,2018-08-20,2018,08,020,3,Monday
37440,2018-08-21,2018,08,021,3,Tuesday
37442,2018-08-26,2018,08,026,3,Sunday
37443,2018-08-27,2018,08,027,3,Monday
37446,2018-08-29,2018,08,029,3,Wednesday
37447,2018-09-01,2018,09,001,3,Saturday
37449,2018-09-02,2018,09,002,3,Sunday
37450,2018-07-18,2018,07,018,3,Wednesday
37451,2018-07-17,2018,07,017,3,Tuesday
37453,2018-07-23,2018,07,023,3,Monday
37455,2018-07-20,2018,07,020,3,Friday
37467,2018-07-19,2018,07,019,3,Thursday
37471,2018-07-21,2018,07,021,3,Saturday
37480,2018-07-22,2018,07,022,3,Sunday
37671,2018-08-03,2018,08,003,3,Friday
37672,2018-07-30,2018,07,030,3,Monday
37681,2018-08-05,2018,08,005,3,Sunday
37684,2018-07-27,2018,07,027,3,Friday
37687,2018-08-04,2018,08,004,3,Saturday
37689,2018-07-29,2018,07,029,3,Sunday
37698,2018-07-31,2018,07,031,3,Tuesday
37709,2018-07-24,2018,07,024,3,Tuesday
37710,2018-07-25,2018,07,025,3,Wednesday
37920,2018-07-28,2018,07,028,3,Saturday
37932,2018-07-04,2018,07,004,3,Wednesday
37933,2018-07-06,2018,07,006,3,Friday
37934,2018-07-03,2018,07,003,3,Tuesday
37943,2018-07-09,2018,07,009,3,Monday
37960,2018-07-05,2018,07,005,3,Thursday
37987,2018-07-07,2018,07,007,3,Saturday
38209,2018-06-20,2018,06,020,2,Wednesday
38372,2018-06-25,2018,06,025,2,Monday
38463,2018-06-24,2018,06,024,2,Sunday
39725,2018-08-10,2018,08,010,3,Friday
39741,2018-07-26,2018,07,026,3,Thursday
39992,2018-08-22,2018,08,022,3,Wednesday
39994,2018-08-23,2018,08,023,3,Thursday
41742,2018-09-15,2018,09,015,3,Saturday
41743,2018-09-17,2018,09,017,3,Monday
41745,2018-09-12,2018,09,012,3,Wednesday
41746,2018-09-13,2018,09,013,3,Thursday
41750,2018-09-14,2018,09,014,3,Friday
41755,2018-09-11,2018,09,011,3,Tuesday
41758,2018-09-16,2018,09,016,3,Sunday
41816,2018-09-04,2018,09,004,3,Tuesday
41824,2018-09-03,2018,09,003,3,Monday
41834,2018-09-09,2018,09,009,3,Sunday
41836,2018-09-10,2018,09,010,3,Monday
41837,2018-09-06,2018,09,006,3,Thursday
41840,2018-09-07,2018,09,007,3,Friday
41841,2018-09-08,2018,09,008,3,Saturday
41847,2018-08-30,2018,08,030,3,Thursday
41857,2018-09-05,2018,09,005,3,Wednesday
41892,2018-08-31,2018,08,031,3,Friday
41913,2018-09-25,2018,09,025,3,Tuesday
41916,2018-09-26,2018,09,026,3,Wednesday
41917,2018-09-28,2018,09,028,3,Friday
41918,2018-09-29,2018,09,029,3,Saturday
41920,2018-10-02,2018,10,002,4,Tuesday
41923,2018-10-03,2018,10,003,4,Wednesday
41929,2018-09-18,2018,09,018,3,Tuesday
41930,2018-09-23,2018,09,023,3,Sunday
41941,2018-09-20,2018,09,020,3,Thursday
41947,2018-09-19,2018,09,019,3,Wednesday
41959,2018-09-21,2018,09,021,3,Friday
41968,2018-08-28,2018,08,028,3,Tuesday
42418,2018-09-24,2018,09,024,3,Monday
42427,2018-09-22,2018,09,022,3,Saturday
43184,2018-10-16,2018,10,016,4,Tuesday
43186,2018-10-17,2018,10,017,4,Wednesday
43187,2018-10-18,2018,10,018,4,Thursday
43189,2018-10-19,2018,10,019,4,Friday
43196,2018-10-04,2018,10,004,4,Thursday
43197,2018-10-08,2018,10,008,4,Monday
43198,2018-10-10,2018,10,010,4,Wednesday
43199,2018-10-11,2018,10,011,4,Thursday
43208,2018-10-06,2018,10,006,4,Saturday
43431,2018-10-09,2018,10,009,4,Tuesday
43436,2018-10-12,2018,10,012,4,Friday
43439,2018-10-13,2018,10,013,4,Saturday
43443,2018-10-14,2018,10,014,4,Sunday
43446,2018-10-07,2018,10,007,4,Sunday
43451,2018-10-22,2018,10,022,4,Monday
45453,2018-10-05,2018,10,005,4,Friday
45490,2018-10-24,2018,10,024,4,Wednesday
45492,2018-10-27,2018,10,027,4,Saturday
45493,2018-10-28,2018,10,028,4,Sunday
45707,2018-09-27,2018,09,027,3,Thursday
45714,2018-09-30,2018,09,030,3,Sunday
45722,2018-10-01,2018,10,001,4,Monday
45749,2018-10-15,2018,10,015,4,Monday
46361,2018-11-22,2018,11,022,4,Thursday
46362,2018-11-19,2018,11,019,4,Monday
46363,2018-11-12,2018,11,012,4,Monday
46364,2018-11-09,2018,11,009,4,Friday
46365,2018-11-24,2018,11,024,4,Saturday
46366,2018-11-26,2018,11,026,4,Monday
46368,2018-11-10,2018,11,010,4,Saturday
46370,2018-11-06,2018,11,006,4,Tuesday
46374,2018-11-16,2018,11,016,4,Friday
46375,2018-11-08,2018,11,008,4,Thursday
46377,2018-11-20,2018,11,020,4,Tuesday
46379,2018-11-11,2018,11,011,4,Sunday
46382,2018-11-14,2018,11,014,4,Wednesday
46385,2018-11-23,2018,11,023,4,Friday
46386,2018-11-07,2018,11,007,4,Wednesday
46391,2018-11-21,2018,11,021,4,Wednesday
46392,2018-11-17,2018,11,017,4,Saturday
46394,2018-11-15,2018,11,015,4,Thursday
46397,2018-11-13,2018,11,013,4,Tuesday
46404,2018-11-25,2018,11,025,4,Sunday
46414,2018-11-18,2018,11,018,4,Sunday
46506,2018-10-21,2018,10,021,4,Sunday
46516,2018-10-20,2018,10,020,4,Saturday
46517,2018-10-25,2018,10,025,4,Thursday
46541,2018-10-29,2018,10,029,4,Monday
46555,2018-10-26,2018,10,026,4,Friday
46580,2018-11-05,2018,11,005,4,Monday
46581,2018-10-31,2018,10,031,4,Wednesday
46582,2018-11-03,2018,11,003,4,Saturday
46584,2018-11-02,2018,11,002,4,Friday
46586,2018-11-01,2018,11,001,4,Thursday
46597,2018-11-04,2018,11,004,4,Sunday
46649,2018-12-01,2018,12,001,4,Saturday
46650,2018-12-02,2018,12,002,4,Sunday
46651,2018-12-03,2018,12,003,4,Monday
46816,2018-10-23,2018,10,023,4,Tuesday
46837,2018-10-30,2018,10,030,4,Tuesday
46870,2018-12-04,2018,12,004,4,Tuesday
46872,2018-12-05,2018,12,005,4,Wednesday
46873,2018-12-07,2018,12,007,4,Friday
46876,2018-11-30,2018,11,030,4,Friday
46890,2018-12-06,2018,12,006,4,Thursday
46896,2018-12-08,2018,12,008,4,Saturday
46898,2018-12-09,2018,12,009,4,Sunday
46904,2018-11-28,2018,11,028,4,Wednesday
46912,2018-12-10,2018,12,010,4,Monday
46914,2018-12-11,2018,12,011,4,Tuesday
46918,2018-11-29,2018,11,029,4,Thursday
46928,2018-12-17,2018,12,017,4,Monday
46931,2018-12-18,2018,12,018,4,Tuesday
46933,2018-12-22,2018,12,022,4,Saturday
46934,2018-12-21,2018,12,021,4,Friday
46938,2018-12-26,2018,12,026,4,Wednesday
46939,2018-12-27,2018,12,027,4,Thursday
46940,2018-12-29,2018,12,029,4,Saturday
46941,2018-12-28,2018,12,028,4,Friday
46944,2019-01-05,2019,01,005,1,Saturday
50026,2018-12-12,2018,12,012,4,Wednesday
50027,2018-12-13,2018,12,013,4,Thursday
50028,2018-12-15,2018,12,015,4,Saturday
50030,2018-12-16,2018,12,016,4,Sunday
50162,2018-11-27,2018,11,027,4,Tuesday
50966,2019-01-30,2019,01,030,1,Wednesday
50968,2019-02-01,2019,02,001,1,Friday
50969,2019-01-31,2019,01,031,1,Thursday
50970,2019-02-04,2019,02,004,1,Monday
50973,2019-01-29,2019,01,029,1,Tuesday
50989,2019-02-02,2019,02,002,1,Saturday
51008,2019-02-03,2019,02,003,1,Sunday
51112,2018-12-20,2018,12,020,4,Thursday
51113,2018-12-31,2018,12,031,4,Monday
51115,2018-12-25,2018,12,025,4,Tuesday
51117,2018-12-14,2018,12,014,4,Friday
51125,2018-12-30,2018,12,030,4,Sunday
51130,2018-12-19,2018,12,019,4,Wednesday
51132,2018-12-24,2018,12,024,4,Monday
51143,2018-12-23,2018,12,023,4,Sunday
51185,2019-01-10,2019,01,010,1,Thursday
51186,2019-01-14,2019,01,014,1,Monday
51190,2019-01-08,2019,01,008,1,Tuesday
51191,2019-01-16,2019,01,016,1,Wednesday
51193,2019-01-22,2019,01,022,1,Tuesday
51195,2019-01-17,2019,01,017,1,Thursday
51197,2019-01-19,2019,01,019,1,Saturday
51198,2019-01-11,2019,01,011,1,Friday
51201,2019-01-21,2019,01,021,1,Monday
51205,2019-01-12,2019,01,012,1,Saturday
51209,2019-01-13,2019,01,013,1,Sunday
51210,2019-01-09,2019,01,009,1,Wednesday
51217,2019-01-18,2019,01,018,1,Friday
51219,2019-01-15,2019,01,015,1,Tuesday
51239,2019-01-20,2019,01,020,1,Sunday
52900,2019-01-23,2019,01,023,1,Wednesday
52901,2019-01-25,2019,01,025,1,Friday
52906,2019-09-12,2019,09,012,3,Thursday
52910,2019-01-24,2019,01,024,1,Thursday
52919,2019-01-26,2019,01,026,1,Saturday
52922,2019-01-27,2019,01,027,1,Sunday
52928,2019-02-13,2019,02,013,1,Wednesday
52929,2019-02-14,2019,02,014,1,Thursday
52931,2019-01-02,2019,01,002,1,Wednesday
52958,2019-01-03,2019,01,003,1,Thursday
52981,2019-03-03,2019,03,003,1,Sunday
52982,2019-03-05,2019,03,005,1,Tuesday
52991,2019-01-28,2019,01,028,1,Monday
53150,2019-01-01,2019,01,001,1,Tuesday
53152,2019-01-04,2019,01,004,1,Friday
53153,2019-01-07,2019,01,007,1,Monday
53189,2019-01-06,2019,01,006,1,Sunday
54329,2019-02-12,2019,02,012,1,Tuesday
54330,2019-02-17,2019,02,017,1,Sunday
54332,2019-02-15,2019,02,015,1,Friday
54334,2019-02-19,2019,02,019,1,Tuesday
54335,2019-02-18,2019,02,018,1,Monday
54336,2019-02-23,2019,02,023,1,Saturday
54337,2019-02-22,2019,02,022,1,Friday
54338,2019-02-21,2019,02,021,1,Thursday
54342,2019-02-28,2019,02,028,1,Thursday
54677,2019-03-07,2019,03,007,1,Thursday
54832,2019-02-06,2019,02,006,1,Wednesday
54834,2019-02-07,2019,02,007,1,Thursday
54835,2019-02-09,2019,02,009,1,Saturday
54836,2019-02-08,2019,02,008,1,Friday
55556,2019-03-27,2019,03,027,1,Wednesday
55557,2019-03-31,2019,03,031,1,Sunday
55558,2019-04-01,2019,04,001,2,Monday
55560,2019-03-26,2019,03,026,1,Tuesday
55565,2019-03-28,2019,03,028,1,Thursday
55570,2019-03-30,2019,03,030,1,Saturday
55572,2019-03-29,2019,03,029,1,Friday
55631,2019-02-16,2019,02,016,1,Saturday
55686,2019-02-20,2019,02,020,1,Wednesday
55687,2019-02-24,2019,02,024,1,Sunday
55705,2019-02-25,2019,02,025,1,Monday
55706,2019-02-27,2019,02,027,1,Wednesday
55707,2019-03-02,2019,03,002,1,Saturday
55710,2019-02-26,2019,02,026,1,Tuesday
55711,2019-03-01,2019,03,001,1,Friday
55768,2019-02-05,2019,02,005,1,Tuesday
55778,2019-03-16,2019,03,016,1,Saturday
55779,2019-03-15,2019,03,015,1,Friday
55780,2019-03-17,2019,03,017,1,Sunday
55781,2019-03-13,2019,03,013,1,Wednesday
55782,2019-03-19,2019,03,019,1,Tuesday
55788,2019-03-14,2019,03,014,1,Thursday
55804,2019-03-18,2019,03,018,1,Monday
55871,2019-05-10,2019,05,010,2,Friday
55872,2019-05-08,2019,05,008,2,Wednesday
55873,2019-04-13,2019,04,013,2,Saturday
55874,2019-05-03,2019,05,003,2,Friday
55877,2019-04-12,2019,04,012,2,Friday
55878,2019-04-16,2019,04,016,2,Tuesday
55880,2019-04-19,2019,04,019,2,Friday
55881,2019-04-24,2019,04,024,2,Wednesday
55883,2019-04-26,2019,04,026,2,Friday
55884,2019-04-30,2019,04,030,2,Tuesday
55885,2019-05-01,2019,05,001,2,Wednesday
55890,2019-05-02,2019,05,002,2,Thursday
55894,2019-05-04,2019,05,004,2,Saturday
55898,2019-05-05,2019,05,005,2,Sunday
55899,2019-05-06,2019,05,006,2,Monday
55903,2019-05-07,2019,05,007,2,Tuesday
55910,2019-05-09,2019,05,009,2,Thursday
55915,2019-04-28,2019,04,028,2,Sunday
55919,2019-05-15,2019,05,015,2,Wednesday
55920,2019-05-13,2019,05,013,2,Monday
55921,2019-05-18,2019,05,018,2,Saturday
55923,2019-05-17,2019,05,017,2,Friday
55924,2019-05-16,2019,05,016,2,Thursday
55926,2019-04-04,2019,04,004,2,Thursday
56215,2019-03-12,2019,03,012,1,Tuesday
56359,2019-04-20,2019,04,020,2,Saturday
56363,2019-04-05,2019,04,005,2,Friday
56364,2019-04-06,2019,04,006,2,Saturday
56366,2019-04-07,2019,04,007,2,Sunday
56413,2019-04-03,2019,04,003,2,Wednesday
56416,2019-04-09,2019,04,009,2,Tuesday
56429,2019-04-10,2019,04,010,2,Wednesday
56430,2019-03-11,2019,03,011,1,Monday
56435,2019-04-14,2019,04,014,2,Sunday
56437,2019-04-15,2019,04,015,2,Monday
56443,2019-04-17,2019,04,017,2,Wednesday
56450,2019-03-24,2019,03,024,1,Sunday
56451,2019-03-22,2019,03,022,1,Friday
56461,2019-02-10,2019,02,010,1,Sunday
56487,2019-02-11,2019,02,011,1,Monday
56595,2019-04-11,2019,04,011,2,Thursday
56629,2019-03-04,2019,03,004,1,Monday
56630,2019-03-09,2019,03,009,1,Saturday
56632,2019-03-08,2019,03,008,1,Friday
56639,2019-03-10,2019,03,010,1,Sunday
56649,2019-03-06,2019,03,006,1,Wednesday
56671,2019-04-18,2019,04,018,2,Thursday
56679,2019-04-21,2019,04,021,2,Sunday
56681,2019-04-22,2019,04,022,2,Monday
56683,2019-03-23,2019,03,023,1,Saturday
56684,2019-04-23,2019,04,023,2,Tuesday
56692,2019-03-21,2019,03,021,1,Thursday
56697,2019-03-20,2019,03,020,1,Wednesday
56707,2019-03-25,2019,03,025,1,Monday
58448,2019-04-27,2019,04,027,2,Saturday
58451,2019-04-08,2019,04,008,2,Monday
58466,2019-04-25,2019,04,025,2,Thursday
58472,2019-04-29,2019,04,029,2,Monday
59231,2019-04-02,2019,04,002,2,Tuesday
60192,2019-07-08,2019,07,008,3,Monday
60193,2019-07-09,2019,07,009,3,Tuesday
60196,2019-06-12,2019,06,012,2,Wednesday
60199,2019-06-18,2019,06,018,2,Tuesday
60200,2019-06-21,2019,06,021,2,Friday
60201,2019-06-23,2019,06,023,2,Sunday
60202,2019-06-25,2019,06,025,2,Tuesday
60203,2019-06-26,2019,06,026,2,Wednesday
60205,2019-06-27,2019,06,027,2,Thursday
60208,2019-06-28,2019,06,028,2,Friday
60209,2019-05-30,2019,05,030,2,Thursday
60210,2019-06-30,2019,06,030,2,Sunday
60211,2019-06-08,2019,06,008,2,Saturday
60212,2019-06-06,2019,06,006,2,Thursday
60213,2019-06-04,2019,06,004,2,Tuesday
60228,2019-06-05,2019,06,005,2,Wednesday
60233,2019-06-10,2019,06,010,2,Monday
60248,2019-06-07,2019,06,007,2,Friday
60409,2019-05-14,2019,05,014,2,Tuesday
60413,2019-05-20,2019,05,020,2,Monday
60430,2019-05-19,2019,05,019,2,Sunday
60492,2019-06-09,2019,06,009,2,Sunday
60732,2019-06-11,2019,06,011,2,Tuesday
60733,2019-05-12,2019,05,012,2,Sunday
60734,2019-06-19,2019,06,019,2,Wednesday
60735,2019-06-02,2019,06,002,2,Sunday
60738,2019-06-14,2019,06,014,2,Friday
60741,2019-06-15,2019,06,015,2,Saturday
60742,2019-06-17,2019,06,017,2,Monday
60745,2019-06-20,2019,06,020,2,Thursday
60751,2019-06-22,2019,06,022,2,Saturday
60756,2019-06-24,2019,06,024,2,Monday
60760,2019-05-27,2019,05,027,2,Monday
60765,2019-07-03,2019,07,003,3,Wednesday
60766,2019-07-02,2019,07,002,3,Tuesday
60767,2019-05-21,2019,05,021,2,Tuesday
60768,2019-05-22,2019,05,022,2,Wednesday
60985,2019-05-25,2019,05,025,2,Saturday
61001,2019-05-24,2019,05,024,2,Friday
61009,2019-05-23,2019,05,023,2,Thursday
61021,2019-05-26,2019,05,026,2,Sunday
61216,2019-05-11,2019,05,011,2,Saturday
61222,2019-06-01,2019,06,001,2,Saturday
61224,2019-06-03,2019,06,003,2,Monday
61249,2019-05-31,2019,05,031,2,Friday
62337,2019-05-28,2019,05,028,2,Tuesday
62360,2019-05-29,2019,05,029,2,Wednesday
62786,2019-07-01,2019,07,001,3,Monday
62811,2019-06-29,2019,06,029,2,Saturday
62819,2019-07-06,2019,07,006,3,Saturday
63044,2019-07-10,2019,07,010,3,Wednesday
63270,2019-06-13,2019,06,013,2,Thursday
63304,2019-06-16,2019,06,016,2,Sunday
64584,2019-07-04,2019,07,004,3,Thursday
64587,2019-07-05,2019,07,005,3,Friday
64815,2019-08-02,2019,08,002,3,Friday
64816,2019-08-01,2019,08,001,3,Thursday
64817,2019-07-30,2019,07,030,3,Tuesday
64818,2019-08-04,2019,08,004,3,Sunday
64820,2019-08-05,2019,08,005,3,Monday
64826,2019-08-03,2019,08,003,3,Saturday
64831,2019-07-31,2019,07,031,3,Wednesday
64863,2019-07-16,2019,07,016,3,Tuesday
64889,2019-07-20,2019,07,020,3,Saturday
64892,2019-07-21,2019,07,021,3,Sunday
64894,2019-07-22,2019,07,022,3,Monday
64895,2019-07-23,2019,07,023,3,Tuesday
64896,2019-07-25,2019,07,025,3,Thursday
64965,2019-08-07,2019,08,007,3,Wednesday
64966,2019-08-08,2019,08,008,3,Thursday
64972,2019-07-26,2019,07,026,3,Friday
64973,2019-07-27,2019,07,027,3,Saturday
64975,2019-07-29,2019,07,029,3,Monday
65037,2019-07-18,2019,07,018,3,Thursday
65039,2019-07-17,2019,07,017,3,Wednesday
65040,2019-07-19,2019,07,019,3,Friday
65270,2019-07-07,2019,07,007,3,Sunday
65329,2019-07-12,2019,07,012,3,Friday
65950,2019-07-11,2019,07,011,3,Thursday
66543,2019-08-28,2019,08,028,3,Wednesday
66544,2019-08-31,2019,08,031,3,Saturday
66545,2019-08-29,2019,08,029,3,Thursday
66547,2019-08-13,2019,08,013,3,Tuesday
66548,2019-08-17,2019,08,017,3,Saturday
66549,2019-08-21,2019,08,021,3,Wednesday
66550,2019-08-22,2019,08,022,3,Thursday
66551,2019-08-23,2019,08,023,3,Friday
66554,2019-08-24,2019,08,024,3,Saturday
66555,2019-08-25,2019,08,025,3,Sunday
66561,2019-08-15,2019,08,015,3,Thursday
66563,2019-08-16,2019,08,016,3,Friday
66565,2019-08-18,2019,08,018,3,Sunday
66789,2019-08-19,2019,08,019,3,Monday
66790,2019-08-20,2019,08,020,3,Tuesday
66796,2019-08-26,2019,08,026,3,Monday
66808,2019-07-24,2019,07,024,3,Wednesday
66910,2019-07-14,2019,07,014,3,Sunday
66927,2019-07-13,2019,07,013,3,Saturday
66933,2019-07-15,2019,07,015,3,Monday
66964,2019-07-28,2019,07,028,3,Sunday
66992,2019-08-06,2019,08,006,3,Tuesday
67037,2019-08-10,2019,08,010,3,Saturday
67038,2019-08-12,2019,08,012,3,Monday
67059,2019-08-09,2019,08,009,3,Friday
67062,2019-08-11,2019,08,011,3,Sunday
68520,2019-09-01,2019,09,001,3,Sunday
68522,2019-09-02,2019,09,002,3,Monday
68530,2019-09-03,2019,09,003,3,Tuesday
68533,2019-09-04,2019,09,004,3,Wednesday
68544,2019-08-30,2019,08,030,3,Friday
69059,2019-08-14,2019,08,014,3,Wednesday
69086,2019-08-27,2019,08,027,3,Tuesday
69393,2019-10-04,2019,10,004,4,Friday
69394,2019-10-03,2019,10,003,4,Thursday
69398,2019-10-02,2019,10,002,4,Wednesday
69399,2019-10-06,2019,10,006,4,Sunday
69400,2019-10-01,2019,10,001,4,Tuesday
69401,2019-09-30,2019,09,030,3,Monday
69408,2019-10-05,2019,10,005,4,Saturday
69612,2019-09-18,2019,09,018,3,Wednesday
69613,2019-09-19,2019,09,019,3,Thursday
69616,2019-09-16,2019,09,016,3,Monday
69619,2019-09-17,2019,09,017,3,Tuesday
69636,2019-09-20,2019,09,020,3,Friday
69650,2019-09-21,2019,09,021,3,Saturday
69659,2019-09-22,2019,09,022,3,Sunday
69878,2019-10-17,2019,10,017,4,Thursday
69879,2019-10-15,2019,10,015,4,Tuesday
69881,2019-10-19,2019,10,019,4,Saturday
69882,2019-10-11,2019,10,011,4,Friday
69883,2019-09-13,2019,09,013,3,Friday
69884,2019-10-13,2019,10,013,4,Sunday
69885,2019-10-14,2019,10,014,4,Monday
69889,2019-10-07,2019,10,007,4,Monday
69890,2019-10-08,2019,10,008,4,Tuesday
69892,2019-10-09,2019,10,009,4,Wednesday
69894,2019-10-10,2019,10,010,4,Thursday
69899,2019-10-12,2019,10,012,4,Saturday
70125,2019-10-16,2019,10,016,4,Wednesday
70167,2019-09-05,2019,09,005,3,Thursday
70185,2019-09-06,2019,09,006,3,Friday
70194,2019-09-07,2019,09,007,3,Saturday
70436,2019-09-08,2019,09,008,3,Sunday
70613,2019-09-09,2019,09,009,3,Monday
70617,2019-09-10,2019,09,010,3,Tuesday
70623,2019-09-15,2019,09,015,3,Sunday
70624,2019-09-11,2019,09,011,3,Wednesday
71365,2019-10-18,2019,10,018,4,Friday
71366,2019-10-23,2019,10,023,4,Wednesday
71367,2019-10-28,2019,10,028,4,Monday
71368,2019-10-31,2019,10,031,4,Thursday
71371,2019-10-21,2019,10,021,4,Monday
71372,2019-10-22,2019,10,022,4,Tuesday
71374,2019-10-24,2019,10,024,4,Thursday
71378,2019-10-25,2019,10,025,4,Friday
71382,2019-09-26,2019,09,026,3,Thursday
71383,2019-10-26,2019,10,026,4,Saturday
71385,2019-10-27,2019,10,027,4,Sunday
71393,2019-10-30,2019,10,030,4,Wednesday
71396,2019-11-08,2019,11,008,4,Friday
71397,2019-11-10,2019,11,010,4,Sunday
71398,2019-11-07,2019,11,007,4,Thursday
71401,2019-09-23,2019,09,023,3,Monday
71412,2019-09-24,2019,09,024,3,Tuesday
71426,2019-09-25,2019,09,025,3,Wednesday
71680,2019-09-27,2019,09,027,3,Friday
71683,2019-09-28,2019,09,028,3,Saturday
71689,2019-09-29,2019,09,029,3,Sunday
72203,2019-09-14,2019,09,014,3,Saturday
73413,2019-11-06,2019,11,006,4,Wednesday
73421,2019-11-01,2019,11,001,4,Friday
73423,2019-11-02,2019,11,002,4,Saturday
73426,2019-11-03,2019,11,003,4,Sunday
73427,2019-11-04,2019,11,004,4,Monday
73435,2019-10-29,2019,10,029,4,Tuesday
73441,2019-11-13,2019,11,013,4,Wednesday
73442,2019-11-12,2019,11,012,4,Tuesday
73988,2019-12-04,2019,12,004,4,Wednesday
73989,2019-12-05,2019,12,005,4,Thursday
73992,2019-12-03,2019,12,003,4,Tuesday
73993,2019-12-06,2019,12,006,4,Friday
73994,2019-12-07,2019,12,007,4,Saturday
73997,2019-12-02,2019,12,002,4,Monday
74004,2019-12-08,2019,12,008,4,Sunday
74089,2019-10-20,2019,10,020,4,Sunday
74138,2019-11-05,2019,11,005,4,Tuesday
74169,2019-11-09,2019,11,009,4,Saturday
74207,2019-11-19,2019,11,019,4,Tuesday
74210,2019-11-15,2019,11,015,4,Friday
74215,2019-11-20,2019,11,020,4,Wednesday
74221,2019-11-22,2019,11,022,4,Friday
74222,2019-11-11,2019,11,011,4,Monday
74225,2019-11-18,2019,11,018,4,Monday
74229,2019-11-25,2019,11,025,4,Monday
74236,2019-11-21,2019,11,021,4,Thursday
74248,2019-11-16,2019,11,016,4,Saturday
74255,2019-11-24,2019,11,024,4,Sunday
74273,2019-11-23,2019,11,023,4,Saturday
74390,2019-11-28,2019,11,028,4,Thursday
74487,2019-11-14,2019,11,014,4,Thursday
74511,2019-11-17,2019,11,017,4,Sunday
75117,2019-12-19,2019,12,019,4,Thursday
75119,2019-12-01,2019,12,001,4,Sunday
75126,2019-12-09,2019,12,009,4,Monday
75130,2019-12-10,2019,12,010,4,Tuesday
75132,2019-12-11,2019,12,011,4,Wednesday
75133,2019-12-14,2019,12,014,4,Saturday
75134,2019-12-16,2019,12,016,4,Monday
75138,2019-12-12,2019,12,012,4,Thursday
75139,2019-12-15,2019,12,015,4,Sunday
75140,2019-12-20,2019,12,020,4,Friday
75141,2019-12-25,2019,12,025,4,Wednesday
75142,2019-12-27,2019,12,027,4,Friday
75143,2020-01-01,2020,01,001,1,Wednesday
75371,2019-12-13,2019,12,013,4,Friday
75383,2019-12-17,2019,12,017,4,Tuesday
75384,2019-12-18,2019,12,018,4,Wednesday
75392,2019-12-22,2019,12,022,4,Sunday
75394,2019-12-23,2019,12,023,4,Monday
75399,2019-11-26,2019,11,026,4,Tuesday
75400,2019-12-26,2019,12,026,4,Thursday
75401,2019-11-27,2019,11,027,4,Wednesday
75405,2019-12-28,2019,12,028,4,Saturday
75406,2019-11-29,2019,11,029,4,Friday
75408,2019-11-30,2019,11,030,4,Saturday
77108,2020-01-12,2020,01,012,1,Sunday
77109,2020-01-05,2020,01,005,1,Sunday
77110,2020-01-06,2020,01,006,1,Monday
77111,2020-01-04,2020,01,004,1,Saturday
77119,2019-12-31,2019,12,031,4,Tuesday
77120,2020-01-15,2020,01,015,1,Wednesday
77122,2020-01-18,2020,01,018,1,Saturday
78405,2019-12-21,2019,12,021,4,Saturday
78407,2019-12-24,2019,12,024,4,Tuesday
78536,2020-02-19,2020,02,019,1,Wednesday
78537,2020-02-20,2020,02,020,1,Thursday
78539,2020-02-22,2020,02,022,1,Saturday
78547,2020-02-21,2020,02,021,1,Friday
78552,2020-02-17,2020,02,017,1,Monday
78553,2020-02-18,2020,02,018,1,Tuesday
78566,2020-02-23,2020,02,023,1,Sunday
78681,2020-01-13,2020,01,013,1,Monday
78686,2020-01-14,2020,01,014,1,Tuesday
78687,2020-01-16,2020,01,016,1,Thursday
78701,2020-01-17,2020,01,017,1,Friday
78714,2020-01-19,2020,01,019,1,Sunday
78754,2020-01-28,2020,01,028,1,Tuesday
78756,2020-01-27,2020,01,027,1,Monday
78759,2020-01-29,2020,01,029,1,Wednesday
78767,2020-02-01,2020,02,001,1,Saturday
78768,2020-01-30,2020,01,030,1,Thursday
78769,2020-01-31,2020,01,031,1,Friday
78770,2020-01-26,2020,01,026,1,Sunday
78771,2020-02-02,2020,02,002,1,Sunday
78796,2020-01-02,2020,01,002,1,Thursday
78797,2020-03-02,2020,03,002,1,Monday
78799,2020-03-03,2020,03,003,1,Tuesday
78800,2020-03-05,2020,03,005,1,Thursday
78802,2020-03-06,2020,03,006,1,Friday
78803,2020-03-09,2020,03,009,1,Monday
78810,2020-02-24,2020,02,024,1,Monday
78811,2020-02-27,2020,02,027,1,Thursday
78814,2020-02-28,2020,02,028,1,Friday
78815,2020-02-29,2020,02,029,1,Saturday
78818,2019-12-30,2019,12,030,4,Monday
78819,2020-03-14,2020,03,014,1,Saturday
78820,2020-03-15,2020,03,015,1,Sunday
78821,2020-03-07,2020,03,007,1,Saturday
78822,2020-03-16,2020,03,016,1,Monday
78823,2020-03-13,2020,03,013,1,Friday
78824,2020-02-03,2020,02,003,1,Monday
78908,2020-01-25,2020,01,025,1,Saturday
78911,2020-01-10,2020,01,010,1,Friday
78912,2020-01-11,2020,01,011,1,Saturday
78915,2020-01-23,2020,01,023,1,Thursday
78921,2020-02-05,2020,02,005,1,Wednesday
78962,2019-12-29,2019,12,029,4,Sunday
79046,2020-02-04,2020,02,004,1,Tuesday
79079,2020-02-06,2020,02,006,1,Thursday
79099,2020-02-07,2020,02,007,1,Friday
79105,2020-02-08,2020,02,008,1,Saturday
79109,2020-02-09,2020,02,009,1,Sunday
79191,2020-01-03,2020,01,003,1,Friday
79414,2020-01-07,2020,01,007,1,Tuesday
79416,2020-01-08,2020,01,008,1,Wednesday
79424,2020-01-21,2020,01,021,1,Tuesday
79904,2020-02-13,2020,02,013,1,Thursday
79905,2020-02-14,2020,02,014,1,Friday
79911,2020-02-10,2020,02,010,1,Monday
79914,2020-02-12,2020,02,012,1,Wednesday
79917,2020-02-15,2020,02,015,1,Saturday
79918,2020-02-16,2020,02,016,1,Sunday
80096,2020-02-11,2020,02,011,1,Tuesday
80154,2020-02-25,2020,02,025,1,Tuesday
80155,2020-02-26,2020,02,026,1,Wednesday
80156,2020-01-20,2020,01,020,1,Monday
80178,2020-01-22,2020,01,022,1,Wednesday
80197,2020-01-24,2020,01,024,1,Friday
80828,2020-03-21,2020,03,021,1,Saturday
80829,2020-03-17,2020,03,017,1,Tuesday
80831,2020-03-23,2020,03,023,1,Monday
80832,2020-03-25,2020,03,025,1,Wednesday
81374,2020-01-09,2020,01,009,1,Thursday
83114,2020-05-15,2020,05,015,2,Friday
83116,2020-05-13,2020,05,013,2,Wednesday
83118,2020-05-14,2020,05,014,2,Thursday
83120,2020-05-17,2020,05,017,2,Sunday
83121,2020-05-16,2020,05,016,2,Saturday
83124,2020-05-11,2020,05,011,2,Monday
83125,2020-05-12,2020,05,012,2,Tuesday
83172,2020-04-03,2020,04,003,2,Friday
83188,2020-03-08,2020,03,008,1,Sunday
83191,2020-03-04,2020,03,004,1,Wednesday
83261,2020-03-20,2020,03,020,1,Friday
83263,2020-03-19,2020,03,019,1,Thursday
83269,2020-03-22,2020,03,022,1,Sunday
83278,2020-03-18,2020,03,018,1,Wednesday
83332,2020-04-21,2020,04,021,2,Tuesday
83333,2020-04-25,2020,04,025,2,Saturday
83334,2020-04-23,2020,04,023,2,Thursday
83335,2020-04-24,2020,04,024,2,Friday
83336,2020-04-20,2020,04,020,2,Monday
83338,2020-04-26,2020,04,026,2,Sunday
83349,2020-04-22,2020,04,022,2,Wednesday
83417,2020-03-27,2020,03,027,1,Friday
83467,2020-06-26,2020,06,026,2,Friday
83468,2020-06-28,2020,06,028,2,Sunday
83469,2020-06-29,2020,06,029,2,Monday
83471,2020-07-02,2020,07,002,3,Thursday
83472,2020-05-18,2020,05,018,2,Monday
83573,2020-05-01,2020,05,001,2,Friday
83574,2020-05-02,2020,05,002,2,Saturday
83584,2020-03-24,2020,03,024,1,Tuesday
83603,2020-03-26,2020,03,026,1,Thursday
83611,2020-03-28,2020,03,028,1,Saturday
83616,2020-03-29,2020,03,029,1,Sunday
83667,2020-06-05,2020,06,005,2,Friday
83669,2020-05-21,2020,05,021,2,Thursday
83671,2020-05-22,2020,05,022,2,Friday
83673,2020-05-24,2020,05,024,2,Sunday
83674,2020-05-25,2020,05,025,2,Monday
83675,2020-05-28,2020,05,028,2,Thursday
83676,2020-04-29,2020,04,029,2,Wednesday
83677,2020-04-04,2020,04,004,2,Saturday
83678,2020-05-06,2020,05,006,2,Wednesday
83679,2020-05-08,2020,05,008,2,Friday
83680,2020-05-09,2020,05,009,2,Saturday
83885,2020-03-12,2020,03,012,1,Thursday
83914,2020-05-23,2020,05,023,2,Saturday
83922,2020-05-26,2020,05,026,2,Tuesday
83926,2020-05-29,2020,05,029,2,Friday
83929,2020-05-30,2020,05,030,2,Saturday
83930,2020-05-31,2020,05,031,2,Sunday
83931,2020-06-06,2020,06,006,2,Saturday
83932,2020-06-09,2020,06,009,2,Tuesday
83934,2020-04-27,2020,04,027,2,Monday
83937,2020-04-28,2020,04,028,2,Tuesday
83955,2020-04-30,2020,04,030,2,Thursday
83969,2020-05-03,2020,05,003,2,Sunday
84398,2020-04-14,2020,04,014,2,Tuesday
84399,2020-04-19,2020,04,019,2,Sunday
84400,2020-04-18,2020,04,018,2,Saturday
84401,2020-04-15,2020,04,015,2,Wednesday
84402,2020-04-13,2020,04,013,2,Monday
84404,2020-04-16,2020,04,016,2,Thursday
84408,2020-03-31,2020,03,031,1,Tuesday
84409,2020-04-01,2020,04,001,2,Wednesday
84410,2020-04-02,2020,04,002,2,Thursday
84411,2020-04-07,2020,04,007,2,Tuesday
84412,2020-04-08,2020,04,008,2,Wednesday
84645,2020-04-17,2020,04,017,2,Friday
84659,2020-03-10,2020,03,010,1,Tuesday
84684,2020-03-11,2020,03,011,1,Wednesday
84730,2020-05-04,2020,05,004,2,Monday
84731,2020-05-05,2020,05,005,2,Tuesday
84733,2020-04-10,2020,04,010,2,Friday
84761,2020-03-30,2020,03,030,1,Monday
84851,2020-06-15,2020,06,015,2,Monday
85020,2020-04-05,2020,04,005,2,Sunday
85057,2020-03-01,2020,03,001,1,Sunday
85111,2020-05-07,2020,05,007,2,Thursday
85132,2020-05-10,2020,05,010,2,Sunday
85636,2020-05-19,2020,05,019,2,Tuesday
85637,2020-05-20,2020,05,020,2,Wednesday
85639,2020-04-06,2020,04,006,2,Monday
85878,2020-04-09,2020,04,009,2,Thursday
85880,2020-04-11,2020,04,011,2,Saturday
85884,2020-04-12,2020,04,012,2,Sunday
86525,2020-06-01,2020,06,001,2,Monday
86556,2020-06-03,2020,06,003,2,Wednesday
86561,2020-06-10,2020,06,010,2,Wednesday
86562,2020-06-12,2020,06,012,2,Friday
86565,2020-06-17,2020,06,017,2,Wednesday
86573,2020-06-02,2020,06,002,2,Tuesday
86579,2020-06-04,2020,06,004,2,Thursday
86588,2020-06-07,2020,06,007,2,Sunday
86592,2020-06-08,2020,06,008,2,Monday
86596,2020-06-11,2020,06,011,2,Thursday
86602,2020-06-13,2020,06,013,2,Saturday
86604,2020-06-14,2020,06,014,2,Sunday
86824,2020-05-27,2020,05,027,2,Wednesday
87707,2020-07-24,2020,07,024,3,Friday
87709,2020-07-22,2020,07,022,3,Wednesday
87710,2020-07-26,2020,07,026,3,Sunday
87711,2020-07-23,2020,07,023,3,Thursday
87713,2020-07-20,2020,07,020,3,Monday
87719,2020-07-25,2020,07,025,3,Saturday
87724,2020-07-17,2020,07,017,3,Friday
87725,2020-07-21,2020,07,021,3,Tuesday
87769,2020-09-06,2020,09,006,3,Sunday
87770,2020-07-27,2020,07,027,3,Monday
87850,2020-06-25,2020,06,025,2,Thursday
87854,2020-06-22,2020,06,022,2,Monday
87856,2020-06-24,2020,06,024,2,Wednesday
87858,2020-06-27,2020,06,027,2,Saturday
87862,2020-06-23,2020,06,023,2,Tuesday
87926,2020-07-12,2020,07,012,3,Sunday
87927,2020-07-07,2020,07,007,3,Tuesday
87928,2020-07-11,2020,07,011,3,Saturday
87929,2020-07-08,2020,07,008,3,Wednesday
87931,2020-07-10,2020,07,010,3,Friday
87933,2020-07-09,2020,07,009,3,Thursday
87936,2020-07-06,2020,07,006,3,Monday
87999,2020-07-28,2020,07,028,3,Tuesday
88016,2020-07-29,2020,07,029,3,Wednesday
88037,2020-07-30,2020,07,030,3,Thursday
88056,2020-07-31,2020,07,031,3,Friday
88277,2020-08-26,2020,08,026,3,Wednesday
88278,2020-08-27,2020,08,027,3,Thursday
88280,2020-08-30,2020,08,030,3,Sunday
88281,2020-07-13,2020,07,013,3,Monday
88510,2020-07-14,2020,07,014,3,Tuesday
88527,2020-07-15,2020,07,015,3,Wednesday
88535,2020-07-16,2020,07,016,3,Thursday
88552,2020-07-18,2020,07,018,3,Saturday
88827,2020-07-19,2020,07,019,3,Sunday
89077,2020-08-09,2020,08,009,3,Sunday
89078,2020-08-07,2020,08,007,3,Friday
89080,2020-08-13,2020,08,013,3,Thursday
89081,2020-08-14,2020,08,014,3,Friday
89084,2020-06-30,2020,06,030,2,Tuesday
89318,2020-07-01,2020,07,001,3,Wednesday
89351,2020-07-03,2020,07,003,3,Friday
89353,2020-07-04,2020,07,004,3,Saturday
89521,2020-07-05,2020,07,005,3,Sunday
89748,2020-06-16,2020,06,016,2,Tuesday
89754,2020-06-18,2020,06,018,2,Thursday
89756,2020-06-19,2020,06,019,2,Friday
89758,2020-06-20,2020,06,020,2,Saturday
90306,2020-08-08,2020,08,008,3,Saturday
90307,2020-08-11,2020,08,011,3,Tuesday
90308,2020-08-12,2020,08,012,3,Wednesday
90311,2020-08-15,2020,08,015,3,Saturday
90313,2020-08-21,2020,08,021,3,Friday
90315,2020-08-22,2020,08,022,3,Saturday
90317,2020-08-24,2020,08,024,3,Monday
90318,2020-08-02,2020,08,002,3,Sunday
90320,2020-08-10,2020,08,010,3,Monday
90435,2020-06-21,2020,06,021,2,Sunday
90548,2020-08-16,2020,08,016,3,Sunday
90551,2020-08-18,2020,08,018,3,Tuesday
90552,2020-08-19,2020,08,019,3,Wednesday
90556,2020-08-20,2020,08,020,3,Thursday
90564,2020-08-25,2020,08,025,3,Tuesday
90567,2020-08-28,2020,08,028,3,Friday
90568,2020-09-01,2020,09,001,3,Tuesday
90825,2020-08-03,2020,08,003,3,Monday
90826,2020-08-04,2020,08,004,3,Tuesday
90829,2020-08-05,2020,08,005,3,Wednesday
90831,2020-08-06,2020,08,006,3,Thursday
90834,2020-08-01,2020,08,001,3,Saturday
92307,2020-10-04,2020,10,004,4,Sunday
92308,2020-09-30,2020,09,030,3,Wednesday
92310,2020-10-03,2020,10,003,4,Saturday
92311,2020-10-01,2020,10,001,4,Thursday
92315,2020-09-28,2020,09,028,3,Monday
92321,2020-09-22,2020,09,022,3,Tuesday
92325,2020-09-29,2020,09,029,3,Tuesday
92331,2020-10-02,2020,10,002,4,Friday
92479,2020-08-29,2020,08,029,3,Saturday
92524,2020-09-16,2020,09,016,3,Wednesday
92526,2020-09-18,2020,09,018,3,Friday
92527,2020-09-19,2020,09,019,3,Saturday
92528,2020-09-15,2020,09,015,3,Tuesday
92531,2020-09-17,2020,09,017,3,Thursday
92532,2020-09-14,2020,09,014,3,Monday
92542,2020-09-20,2020,09,020,3,Sunday
92589,2020-09-05,2020,09,005,3,Saturday
92613,2020-09-27,2020,09,027,3,Sunday
92750,2020-10-05,2020,10,005,4,Monday
92754,2020-10-06,2020,10,006,4,Tuesday
92755,2020-10-07,2020,10,007,4,Wednesday
92756,2020-09-09,2020,09,009,3,Wednesday
92761,2020-09-21,2020,09,021,3,Monday
92763,2020-09-24,2020,09,024,3,Thursday
92766,2020-09-25,2020,09,025,3,Friday
92767,2020-09-26,2020,09,026,3,Saturday
92780,2020-09-12,2020,09,012,3,Saturday
92790,2020-10-14,2020,10,014,4,Wednesday
92791,2020-08-31,2020,08,031,3,Monday
92813,2020-09-02,2020,09,002,3,Wednesday
93050,2020-09-03,2020,09,003,3,Thursday
93062,2020-09-04,2020,09,004,3,Friday
93305,2020-09-07,2020,09,007,3,Monday
93307,2020-09-08,2020,09,008,3,Tuesday
93316,2020-09-11,2020,09,011,3,Friday
93317,2020-09-13,2020,09,013,3,Sunday
93552,2020-09-10,2020,09,010,3,Thursday
93608,2020-08-17,2020,08,017,3,Monday
93697,2020-10-30,2020,10,030,4,Friday
93698,2020-11-01,2020,11,001,4,Sunday
93701,2020-10-28,2020,10,028,4,Wednesday
93703,2020-10-29,2020,10,029,4,Thursday
93707,2020-11-03,2020,11,003,4,Tuesday
93713,2020-11-04,2020,11,004,4,Wednesday
93714,2020-11-05,2020,11,005,4,Thursday
93739,2020-09-23,2020,09,023,3,Wednesday
94126,2020-08-23,2020,08,023,3,Sunday
94527,2020-10-15,2020,10,015,4,Thursday
94528,2020-10-18,2020,10,018,4,Sunday
94529,2020-10-16,2020,10,016,4,Friday
94534,2020-10-19,2020,10,019,4,Monday
94535,2020-10-17,2020,10,017,4,Saturday
94540,2020-10-21,2020,10,021,4,Wednesday
95364,2020-10-08,2020,10,008,4,Thursday
95366,2020-10-10,2020,10,010,4,Saturday
95369,2020-10-09,2020,10,009,4,Friday
95456,2020-10-13,2020,10,013,4,Tuesday
95464,2020-10-20,2020,10,020,4,Tuesday
95466,2020-10-22,2020,10,022,4,Thursday
95467,2020-10-23,2020,10,023,4,Friday
95469,2020-10-24,2020,10,024,4,Saturday
95471,2020-10-25,2020,10,025,4,Sunday
95472,2020-10-26,2020,10,026,4,Monday
95474,2020-10-27,2020,10,027,4,Tuesday
95482,2020-10-31,2020,10,031,4,Saturday
95484,2020-11-02,2020,11,002,4,Monday
95589,2020-10-11,2020,10,011,4,Sunday
95595,2020-10-12,2020,10,012,4,Monday
95738,2020-11-06,2020,11,006,4,Friday
95739,2020-11-07,2020,11,007,4,Saturday
95741,2020-11-08,2020,11,008,4,Sunday
95746,2020-11-09,2020,11,009,4,Monday
95747,2020-11-10,2020,11,010,4,Tuesday
95748,2020-11-11,2020,11,011,4,Wednesday
95752,2020-11-12,2020,11,012,4,Thursday
95754,2020-11-15,2020,11,015,4,Sunday
95757,2020-11-16,2020,11,016,4,Monday
95758,2020-11-13,2020,11,013,4,Friday
95762,2020-11-14,2020,11,014,4,Saturday
96901,2020-12-09,2020,12,009,4,Wednesday
96902,2020-12-11,2020,12,011,4,Friday
96903,2020-12-04,2020,12,004,4,Friday
96904,2020-11-30,2020,11,030,4,Monday
96905,2020-12-05,2020,12,005,4,Saturday
96907,2020-12-10,2020,12,010,4,Thursday
96908,2020-12-03,2020,12,003,4,Thursday
96909,2020-12-08,2020,12,008,4,Tuesday
96910,2020-12-06,2020,12,006,4,Sunday
96912,2020-12-02,2020,12,002,4,Wednesday
96913,2020-12-01,2020,12,001,4,Tuesday
96918,2020-12-07,2020,12,007,4,Monday
96959,2020-12-12,2020,12,012,4,Saturday
97101,2020-11-21,2020,11,021,4,Saturday
97102,2020-11-22,2020,11,022,4,Sunday
97103,2020-11-20,2020,11,020,4,Friday
97104,2020-11-23,2020,11,023,4,Monday
97114,2020-11-24,2020,11,024,4,Tuesday
97117,2020-11-26,2020,11,026,4,Thursday
97118,2020-11-27,2020,11,027,4,Friday
97156,2020-11-25,2020,11,025,4,Wednesday
97157,2020-11-28,2020,11,028,4,Saturday
97173,2020-11-29,2020,11,029,4,Sunday
97455,2020-11-19,2020,11,019,4,Thursday
97775,2020-11-17,2020,11,017,4,Tuesday
98313,2020-12-13,2020,12,013,4,Sunday
98326,2020-12-14,2020,12,014,4,Monday
98327,2020-12-15,2020,12,015,4,Tuesday
98328,2020-12-16,2020,12,016,4,Wednesday
98330,2020-12-17,2020,12,017,4,Thursday
99142,2020-11-18,2020,11,018,4,Wednesday
101511,2021-02-19,2021,02,019,1,Friday
101512,2021-02-22,2021,02,022,1,Monday
101513,2021-02-21,2021,02,021,1,Sunday
101514,2021-02-26,2021,02,026,1,Friday
101515,2021-02-24,2021,02,024,1,Wednesday
101516,2021-02-04,2021,02,004,1,Thursday
101517,2021-02-23,2021,02,023,1,Tuesday
101519,2021-02-25,2021,02,025,1,Thursday
101534,2021-02-17,2021,02,017,1,Wednesday
101538,2021-02-20,2021,02,020,1,Saturday
101540,2021-01-13,2021,01,013,1,Wednesday
101546,2021-02-09,2021,02,009,1,Tuesday
101554,2021-02-16,2021,02,016,1,Tuesday
101555,2021-02-08,2021,02,008,1,Monday
101558,2021-01-29,2021,01,029,1,Friday
101568,2021-01-15,2021,01,015,1,Friday
101653,2020-12-23,2020,12,023,4,Wednesday
101654,2021-01-12,2021,01,012,1,Tuesday
101658,2021-01-08,2021,01,008,1,Friday
101659,2021-01-05,2021,01,005,1,Tuesday
101661,2021-01-09,2021,01,009,1,Saturday
101662,2021-01-10,2021,01,010,1,Sunday
101670,2021-01-11,2021,01,011,1,Monday
101674,2021-01-14,2021,01,014,1,Thursday
101683,2021-01-23,2021,01,023,1,Saturday
101684,2021-01-19,2021,01,019,1,Tuesday
101685,2021-01-26,2021,01,026,1,Tuesday
101686,2021-01-24,2021,01,024,1,Sunday
101689,2021-01-22,2021,01,022,1,Friday
101690,2021-01-25,2021,01,025,1,Monday
101693,2021-01-28,2021,01,028,1,Thursday
101695,2021-01-31,2021,01,031,1,Sunday
101698,2021-01-30,2021,01,030,1,Saturday
101699,2021-02-03,2021,02,003,1,Wednesday
101700,2021-02-07,2021,02,007,1,Sunday
101704,2021-01-02,2021,01,002,1,Saturday
101705,2021-01-04,2021,01,004,1,Monday
101706,2021-01-07,2021,01,007,1,Thursday
101728,2021-01-16,2021,01,016,1,Saturday
101730,2021-02-12,2021,02,012,1,Friday
101732,2021-02-02,2021,02,002,1,Tuesday
101735,2021-02-10,2021,02,010,1,Wednesday
101736,2021-02-11,2021,02,011,1,Thursday
101738,2021-02-06,2021,02,006,1,Saturday
101739,2021-02-13,2021,02,013,1,Saturday
101740,2021-02-01,2021,02,001,1,Monday
101758,2021-02-05,2021,02,005,1,Friday
101776,2021-01-17,2021,01,017,1,Sunday
101852,2021-03-11,2021,03,011,1,Thursday
101853,2020-12-26,2020,12,026,4,Saturday
101856,2021-01-21,2021,01,021,1,Thursday
101858,2021-01-27,2021,01,027,1,Wednesday
101870,2021-01-03,2021,01,003,1,Sunday
101952,2021-01-18,2021,01,018,1,Monday
101964,2021-01-20,2021,01,020,1,Wednesday
101965,2020-12-20,2020,12,020,4,Sunday
101968,2020-12-22,2020,12,022,4,Tuesday
101973,2020-12-24,2020,12,024,4,Thursday
101981,2020-12-29,2020,12,029,4,Tuesday
101982,2020-12-31,2020,12,031,4,Thursday
101999,2020-12-27,2020,12,027,4,Sunday
102000,2020-12-25,2020,12,025,4,Friday
102008,2020-12-28,2020,12,028,4,Monday
102016,2020-12-21,2020,12,021,4,Monday
102018,2020-12-30,2020,12,030,4,Wednesday
102103,2020-12-18,2020,12,018,4,Friday
102105,2020-12-19,2020,12,019,4,Saturday
102256,2021-01-01,2021,01,001,1,Friday
102319,2021-02-27,2021,02,027,1,Saturday
102336,2021-02-14,2021,02,014,1,Sunday
102344,2021-02-18,2021,02,018,1,Thursday
102349,2021-02-15,2021,02,015,1,Monday
102783,2021-01-06,2021,01,006,1,Wednesday
103789,2021-03-08,2021,03,008,1,Monday
106095,2021-03-28,2021,03,028,1,Sunday
106096,2021-03-31,2021,03,031,1,Wednesday
106097,2021-04-01,2021,04,001,2,Thursday
106098,2021-04-04,2021,04,004,2,Sunday
106099,2021-04-03,2021,04,003,2,Saturday
106100,2021-03-30,2021,03,030,1,Tuesday
106103,2021-03-18,2021,03,018,1,Thursday
106104,2021-04-07,2021,04,007,2,Wednesday
106107,2021-04-09,2021,04,009,2,Friday
106108,2021-03-14,2021,03,014,1,Sunday
106109,2021-04-08,2021,04,008,2,Thursday
106111,2021-03-03,2021,03,003,1,Wednesday
106114,2021-03-19,2021,03,019,1,Friday
106117,2021-04-02,2021,04,002,2,Friday
106118,2021-05-05,2021,05,005,2,Wednesday
106119,2021-05-07,2021,05,007,2,Friday
106120,2021-05-04,2021,05,004,2,Tuesday
106121,2021-05-06,2021,05,006,2,Thursday
106126,2021-05-03,2021,05,003,2,Monday
106130,2021-05-01,2021,05,001,2,Saturday
106132,2021-04-14,2021,04,014,2,Wednesday
106145,2021-05-02,2021,05,002,2,Sunday
106147,2021-05-08,2021,05,008,2,Saturday
106159,2021-04-30,2021,04,030,2,Friday
106162,2021-04-27,2021,04,027,2,Tuesday
106164,2021-04-11,2021,04,011,2,Sunday
106228,2021-03-20,2021,03,020,1,Saturday
106229,2021-03-16,2021,03,016,1,Tuesday
106230,2021-03-10,2021,03,010,1,Wednesday
106233,2021-03-21,2021,03,021,1,Sunday
106238,2021-03-17,2021,03,017,1,Wednesday
106239,2021-03-27,2021,03,027,1,Saturday
106261,2021-03-26,2021,03,026,1,Friday
106266,2021-03-12,2021,03,012,1,Friday
106268,2021-03-29,2021,03,029,1,Monday
106285,2021-03-22,2021,03,022,1,Monday
106308,2021-03-24,2021,03,024,1,Wednesday
106317,2021-04-12,2021,04,012,2,Monday
106318,2021-04-15,2021,04,015,2,Thursday
106320,2021-04-17,2021,04,017,2,Saturday
106321,2021-04-10,2021,04,010,2,Saturday
106324,2021-04-13,2021,04,013,2,Tuesday
106329,2021-03-15,2021,03,015,1,Monday
106335,2021-04-16,2021,04,016,2,Friday
106337,2021-04-06,2021,04,006,2,Tuesday
106391,2021-04-28,2021,04,028,2,Wednesday
106400,2021-04-26,2021,04,026,2,Monday
106417,2021-04-19,2021,04,019,2,Monday
106433,2021-04-24,2021,04,024,2,Saturday
106459,2021-03-09,2021,03,009,1,Tuesday
106476,2021-03-13,2021,03,013,1,Saturday
106528,2021-03-25,2021,03,025,1,Thursday
106545,2021-03-23,2021,03,023,1,Tuesday
106630,2021-03-04,2021,03,004,1,Thursday
106657,2021-03-02,2021,03,002,1,Tuesday
106659,2021-02-28,2021,02,028,1,Sunday
106730,2021-03-01,2021,03,001,1,Monday
106742,2021-03-05,2021,03,005,1,Friday
106872,2021-03-07,2021,03,007,1,Sunday
106877,2021-03-06,2021,03,006,1,Saturday
107245,2021-04-21,2021,04,021,2,Wednesday
107246,2021-04-18,2021,04,018,2,Sunday
107249,2021-04-23,2021,04,023,2,Friday
107255,2021-04-22,2021,04,022,2,Thursday
107434,2021-04-05,2021,04,005,2,Monday
107482,2021-04-20,2021,04,020,2,Tuesday
108862,2021-04-25,2021,04,025,2,Sunday
109262,2021-04-29,2021,04,029,2,Thursday
110159,2021-05-14,2021,05,014,2,Friday
110379,2021-05-13,2021,05,013,2,Thursday
110674,2021-06-10,2021,06,010,2,Thursday
110675,2021-06-09,2021,06,009,2,Wednesday
110676,2021-06-01,2021,06,001,2,Tuesday
110677,2021-06-11,2021,06,011,2,Friday
110678,2021-06-04,2021,06,004,2,Friday
110681,2021-06-05,2021,06,005,2,Saturday
110682,2021-06-12,2021,06,012,2,Saturday
110686,2021-05-25,2021,05,025,2,Tuesday
110688,2021-05-28,2021,05,028,2,Friday
110689,2021-05-29,2021,05,029,2,Saturday
110691,2021-06-08,2021,06,008,2,Tuesday
110692,2021-07-09,2021,07,009,3,Friday
110693,2021-07-10,2021,07,010,3,Saturday
110699,2021-07-07,2021,07,007,3,Wednesday
110700,2021-07-03,2021,07,003,3,Saturday
110705,2021-07-05,2021,07,005,3,Monday
110707,2021-07-08,2021,07,008,3,Thursday
110709,2021-07-06,2021,07,006,3,Tuesday
110714,2021-07-02,2021,07,002,3,Friday
110716,2021-07-04,2021,07,004,3,Sunday
110723,2021-06-25,2021,06,025,2,Friday
110733,2021-06-20,2021,06,020,2,Sunday
110745,2021-05-18,2021,05,018,2,Tuesday
110747,2021-05-19,2021,05,019,2,Wednesday
110748,2021-05-17,2021,05,017,2,Monday
110750,2021-05-20,2021,05,020,2,Thursday
110757,2021-05-16,2021,05,016,2,Sunday
110764,2021-05-21,2021,05,021,2,Friday
110800,2021-05-15,2021,05,015,2,Saturday
110876,2021-05-22,2021,05,022,2,Saturday
110881,2021-05-23,2021,05,023,2,Sunday
110887,2021-06-17,2021,06,017,2,Thursday
110888,2021-06-26,2021,06,026,2,Saturday
110889,2021-06-15,2021,06,015,2,Tuesday
110895,2021-06-16,2021,06,016,2,Wednesday
110896,2021-06-19,2021,06,019,2,Saturday
110899,2021-06-23,2021,06,023,2,Wednesday
110904,2021-06-21,2021,06,021,2,Monday
110910,2021-06-18,2021,06,018,2,Friday
110913,2021-06-14,2021,06,014,2,Monday
110921,2021-06-24,2021,06,024,2,Thursday
110924,2021-06-13,2021,06,013,2,Sunday
110932,2021-06-22,2021,06,022,2,Tuesday
110949,2021-06-06,2021,06,006,2,Sunday
110967,2021-06-27,2021,06,027,2,Sunday
111071,2021-05-11,2021,05,011,2,Tuesday
111099,2021-05-24,2021,05,024,2,Monday
111114,2021-05-26,2021,05,026,2,Wednesday
111122,2021-05-27,2021,05,027,2,Thursday
111143,2021-05-30,2021,05,030,2,Sunday
111144,2021-05-31,2021,05,031,2,Monday
111153,2021-05-09,2021,05,009,2,Sunday
111159,2021-05-10,2021,05,010,2,Monday
111411,2021-05-12,2021,05,012,2,Wednesday
111739,2021-06-03,2021,06,003,2,Thursday
111992,2021-06-07,2021,06,007,2,Monday
112556,2021-06-02,2021,06,002,2,Wednesday
112657,2021-07-11,2021,07,011,3,Sunday
113166,2021-06-29,2021,06,029,2,Tuesday
113167,2021-06-30,2021,06,030,2,Wednesday
113169,2021-07-01,2021,07,001,3,Thursday
113231,2021-06-28,2021,06,028,2,Monday
114393,2021-07-12,2021,07,012,3,Monday
114401,2021-07-13,2021,07,013,3,Tuesday
114678,2021-07-19,2021,07,019,3,Monday
115235,2021-08-10,2021,08,010,3,Tuesday
115236,2021-08-09,2021,08,009,3,Monday
115238,2021-08-08,2021,08,008,3,Sunday
115239,2021-08-06,2021,08,006,3,Friday
115242,2021-08-07,2021,08,007,3,Saturday
115250,2021-08-05,2021,08,005,3,Thursday
115252,2021-08-11,2021,08,011,3,Wednesday
115263,2021-08-02,2021,08,002,3,Monday
115266,2021-07-31,2021,07,031,3,Saturday
115269,2021-08-12,2021,08,012,3,Thursday
115273,2021-07-24,2021,07,024,3,Saturday
115288,2021-08-13,2021,08,013,3,Friday
115301,2021-08-14,2021,08,014,3,Saturday
115310,2021-07-21,2021,07,021,3,Wednesday
115311,2021-07-17,2021,07,017,3,Saturday
115312,2021-07-30,2021,07,030,3,Friday
115313,2021-07-18,2021,07,018,3,Sunday
115316,2021-07-20,2021,07,020,3,Tuesday
115319,2021-07-26,2021,07,026,3,Monday
115321,2021-07-27,2021,07,027,3,Tuesday
115327,2021-07-28,2021,07,028,3,Wednesday
115331,2021-07-14,2021,07,014,3,Wednesday
115333,2021-07-23,2021,07,023,3,Friday
115334,2021-07-16,2021,07,016,3,Friday
115336,2021-07-25,2021,07,025,3,Sunday
115340,2021-07-22,2021,07,022,3,Thursday
115359,2021-07-15,2021,07,015,3,Thursday
115385,2021-08-03,2021,08,003,3,Tuesday
115387,2021-08-01,2021,08,001,3,Sunday
115500,2021-07-29,2021,07,029,3,Thursday
115560,2021-08-04,2021,08,004,3,Wednesday
115576,2021-09-09,2021,09,009,3,Thursday
115577,2021-09-06,2021,09,006,3,Monday
115579,2021-08-26,2021,08,026,3,Thursday
115580,2021-09-05,2021,09,005,3,Sunday
115584,2021-09-07,2021,09,007,3,Tuesday
115587,2021-09-10,2021,09,010,3,Friday
115588,2021-09-11,2021,09,011,3,Saturday
116035,2021-08-22,2021,08,022,3,Sunday
116036,2021-08-23,2021,08,023,3,Monday
116040,2021-08-21,2021,08,021,3,Saturday
116042,2021-08-27,2021,08,027,3,Friday
116046,2021-08-25,2021,08,025,3,Wednesday
116056,2021-08-28,2021,08,028,3,Saturday
116057,2021-08-16,2021,08,016,3,Monday
116062,2021-08-24,2021,08,024,3,Tuesday
116081,2021-08-19,2021,08,019,3,Thursday
116085,2021-08-20,2021,08,020,3,Friday
116336,2021-08-15,2021,08,015,3,Sunday
116344,2021-08-17,2021,08,017,3,Tuesday
116366,2021-08-18,2021,08,018,3,Wednesday
117232,2021-09-02,2021,09,002,3,Thursday
117233,2021-09-08,2021,09,008,3,Wednesday
117237,2021-09-12,2021,09,012,3,Sunday
117243,2021-09-03,2021,09,003,3,Friday
117249,2021-09-04,2021,09,004,3,Saturday
117485,2021-08-29,2021,08,029,3,Sunday
117508,2021-09-13,2021,09,013,3,Monday
117558,2021-08-30,2021,08,030,3,Monday
117782,2021-08-31,2021,08,031,3,Tuesday
118375,2021-09-01,2021,09,001,3,Wednesday
119549,2021-09-16,2021,09,016,3,Thursday
119550,2021-09-18,2021,09,018,3,Saturday
119816,2021-11-10,2021,11,010,4,Wednesday
119817,2021-11-07,2021,11,007,4,Sunday
119818,2021-11-11,2021,11,011,4,Thursday
119821,2021-11-08,2021,11,008,4,Monday
119822,2021-11-12,2021,11,012,4,Friday
119824,2021-11-06,2021,11,006,4,Saturday
119826,2021-11-01,2021,11,001,4,Monday
119828,2021-11-03,2021,11,003,4,Wednesday
119831,2021-11-13,2021,11,013,4,Saturday
119832,2021-11-09,2021,11,009,4,Tuesday
119843,2021-10-25,2021,10,025,4,Monday
119849,2021-11-05,2021,11,005,4,Friday
119857,2021-10-28,2021,10,028,4,Thursday
119861,2021-10-30,2021,10,030,4,Saturday
119868,2021-11-02,2021,11,002,4,Tuesday
119879,2021-10-23,2021,10,023,4,Saturday
119913,2021-09-24,2021,09,024,3,Friday
119914,2021-09-19,2021,09,019,3,Sunday
119915,2021-09-25,2021,09,025,3,Saturday
119916,2021-09-15,2021,09,015,3,Wednesday
119917,2021-09-21,2021,09,021,3,Tuesday
119919,2021-09-22,2021,09,022,3,Wednesday
119922,2021-09-23,2021,09,023,3,Thursday
119925,2021-09-20,2021,09,020,3,Monday
119931,2021-09-17,2021,09,017,3,Friday
119960,2021-10-08,2021,10,008,4,Friday
119963,2021-09-29,2021,09,029,3,Wednesday
119964,2021-10-07,2021,10,007,4,Thursday
119965,2021-10-04,2021,10,004,4,Monday
119971,2021-10-03,2021,10,003,4,Sunday
119972,2021-10-06,2021,10,006,4,Wednesday
119973,2021-10-01,2021,10,001,4,Friday
119979,2021-10-09,2021,10,009,4,Saturday
119980,2021-10-05,2021,10,005,4,Tuesday
120013,2021-09-26,2021,09,026,3,Sunday
120016,2021-10-02,2021,10,002,4,Saturday
120023,2021-09-30,2021,09,030,3,Thursday
120035,2021-10-16,2021,10,016,4,Saturday
120036,2021-10-20,2021,10,020,4,Wednesday
120037,2021-10-18,2021,10,018,4,Monday
120039,2021-10-15,2021,10,015,4,Friday
120040,2021-10-19,2021,10,019,4,Tuesday
120041,2021-10-21,2021,10,021,4,Thursday
120043,2021-10-17,2021,10,017,4,Sunday
120046,2021-10-11,2021,10,011,4,Monday
120047,2021-10-22,2021,10,022,4,Friday
120048,2021-10-14,2021,10,014,4,Thursday
120063,2021-10-13,2021,10,013,4,Wednesday
120073,2021-09-27,2021,09,027,3,Monday
120081,2021-09-28,2021,09,028,3,Tuesday
120111,2021-10-29,2021,10,029,4,Friday
120121,2021-10-31,2021,10,031,4,Sunday
120162,2021-11-04,2021,11,004,4,Thursday
120224,2021-09-14,2021,09,014,3,Tuesday
120611,2021-10-26,2021,10,026,4,Tuesday
120622,2021-10-27,2021,10,027,4,Wednesday
120625,2021-10-24,2021,10,024,4,Sunday
121114,2021-10-10,2021,10,010,4,Sunday
121123,2021-10-12,2021,10,012,4,Tuesday
121817,2021-11-15,2021,11,015,4,Monday
121819,2021-11-14,2021,11,014,4,Sunday
123548,2021-11-17,2021,11,017,4,Wednesday
124389,2021-12-26,2021,12,026,4,Sunday
124390,2021-12-19,2021,12,019,4,Sunday
124391,2021-12-25,2021,12,025,4,Saturday
124392,2021-12-29,2021,12,029,4,Wednesday
124395,2021-12-23,2021,12,023,4,Thursday
124396,2021-12-06,2021,12,006,4,Monday
124397,2021-12-30,2021,12,030,4,Thursday
124400,2021-11-22,2021,11,022,4,Monday
124403,2021-11-23,2021,11,023,4,Tuesday
124404,2021-11-27,2021,11,027,4,Saturday
124405,2021-12-04,2021,12,004,4,Saturday
124406,2021-11-19,2021,11,019,4,Friday
124407,2021-12-17,2021,12,017,4,Friday
124408,2021-12-22,2021,12,022,4,Wednesday
124413,2021-12-11,2021,12,011,4,Saturday
124419,2021-12-08,2021,12,008,4,Wednesday
124426,2021-12-24,2021,12,024,4,Friday
124428,2021-12-27,2021,12,027,4,Monday
124429,2021-12-28,2021,12,028,4,Tuesday
124430,2021-11-30,2021,11,030,4,Tuesday
124432,2021-12-18,2021,12,018,4,Saturday
124437,2021-12-10,2021,12,010,4,Friday
124438,2021-12-21,2021,12,021,4,Tuesday
124442,2021-11-18,2021,11,018,4,Thursday
124444,2021-12-16,2021,12,016,4,Thursday
124453,2021-12-05,2021,12,005,4,Sunday
124456,2021-12-14,2021,12,014,4,Tuesday
124466,2021-11-24,2021,11,024,4,Wednesday
124468,2021-11-26,2021,11,026,4,Friday
124470,2021-11-25,2021,11,025,4,Thursday
124479,2021-11-21,2021,11,021,4,Sunday
124486,2021-11-16,2021,11,016,4,Tuesday
124494,2021-11-20,2021,11,020,4,Saturday
124541,2021-12-09,2021,12,009,4,Thursday
124542,2021-12-07,2021,12,007,4,Tuesday
124546,2021-11-29,2021,11,029,4,Monday
124579,2021-12-01,2021,12,001,4,Wednesday
124583,2021-12-03,2021,12,003,4,Friday
124609,2021-12-02,2021,12,002,4,Thursday
124615,2021-12-13,2021,12,013,4,Monday
124621,2021-12-15,2021,12,015,4,Wednesday
124634,2021-12-20,2021,12,020,4,Monday
124660,2021-11-28,2021,11,028,4,Sunday
125288,2021-12-31,2021,12,031,4,Friday
125672,2021-12-12,2021,12,012,4,Sunday
